Moon Phase,Date Time (UTC)*,UTC+3,Date,Text,Date,Text,
First Quarter,1.5.17 7:47 PM,1.5.17 10:47 PM,05.01.2017,ðŸŒ“,09.01.2017,ðŸŒ”,
Full Moon,1.12.17 11:34 AM,1.12.17 2:34 PM,12.01.2017,ðŸŒ•,16.01.2017,ðŸŒ–,
Last Quarter,1.19.17 10:13 PM,1.20.17 1:13 AM,20.01.2017,ðŸŒ—,24.01.2017,ðŸŒ˜,
New Moon,1.28.17 12:07 AM,1.28.17 3:07 AM,28.01.2017,ðŸŒ‘,31.01.2017,ðŸŒ’,
First Quarter,2.4.17 4:19 AM,2.4.17 7:19 AM,04.02.2017,ðŸŒ“,07.02.2017,ðŸŒ”,
Full Moon,2.11.17 12:33 AM,2.11.17 3:33 AM,11.02.2017,ðŸŒ•,15.02.2017,ðŸŒ–,
Last Quarter,2.18.17 7:33 PM,2.18.17 10:33 PM,18.02.2017,ðŸŒ—,22.02.2017,ðŸŒ˜,
New Moon,2.26.17 2:58 PM,2.26.17 5:58 PM,26.02.2017,ðŸŒ‘,02.03.2017,ðŸŒ’,
First Quarter,3.5.17 11:32 AM,3.5.17 2:32 PM,05.03.2017,ðŸŒ“,09.03.2017,ðŸŒ”,
Full Moon,3.12.17 2:54 PM,3.12.17 5:54 PM,12.03.2017,ðŸŒ•,16.03.2017,ðŸŒ–,
Last Quarter,3.20.17 3:58 PM,3.20.17 6:58 PM,20.03.2017,ðŸŒ—,24.03.2017,ðŸŒ˜,
New Moon,3.28.17 2:57 AM,3.28.17 5:57 AM,28.03.2017,ðŸŒ‘,31.03.2017,ðŸŒ’,
First Quarter,4.3.17 6:39 PM,4.3.17 9:39 PM,03.04.2017,ðŸŒ“,07.04.2017,ðŸŒ”,
Full Moon,4.11.17 6:08 AM,4.11.17 9:08 AM,11.04.2017,ðŸŒ•,15.04.2017,ðŸŒ–,
Last Quarter,4.19.17 9:57 AM,4.19.17 12:57 PM,19.04.2017,ðŸŒ—,23.04.2017,ðŸŒ˜,
New Moon,4.26.17 12:16 PM,4.26.17 3:16 PM,26.04.2017,ðŸŒ‘,29.04.2017,ðŸŒ’,
First Quarter,5.3.17 2:47 AM,5.3.17 5:47 AM,03.05.2017,ðŸŒ“,07.05.2017,ðŸŒ”,
Full Moon,5.10.17 9:42 PM,5.11.17 12:42 AM,11.05.2017,ðŸŒ•,15.05.2017,ðŸŒ–,
Last Quarter,5.19.17 12:33 AM,5.19.17 3:33 AM,19.05.2017,ðŸŒ—,22.05.2017,ðŸŒ˜,
New Moon,5.25.17 7:44 PM,5.25.17 10:44 PM,25.05.2017,ðŸŒ‘,29.05.2017,ðŸŒ’,
First Quarter,6.1.17 12:42 PM,6.1.17 3:42 PM,01.06.2017,ðŸŒ“,05.06.2017,ðŸŒ”,
Full Moon,6.9.17 1:10 PM,6.9.17 4:10 PM,09.06.2017,ðŸŒ•,13.06.2017,ðŸŒ–,
Last Quarter,6.17.17 11:33 AM,6.17.17 2:33 PM,17.06.2017,ðŸŒ—,20.06.2017,ðŸŒ˜,
New Moon,6.24.17 2:31 AM,6.24.17 5:31 AM,24.06.2017,ðŸŒ‘,27.06.2017,ðŸŒ’,
First Quarter,7.1.17 12:51 AM,7.1.17 3:51 AM,01.07.2017,ðŸŒ“,05.07.2017,ðŸŒ”,
Full Moon,7.9.17 4:07 AM,7.9.17 7:07 AM,09.07.2017,ðŸŒ•,13.07.2017,ðŸŒ–,
Last Quarter,7.16.17 7:26 PM,7.16.17 10:26 PM,16.07.2017,ðŸŒ—,20.07.2017,ðŸŒ˜,
New Moon,7.23.17 9:46 AM,7.23.17 12:46 PM,23.07.2017,ðŸŒ‘,27.07.2017,ðŸŒ’,
First Quarter,7.30.17 3:23 PM,7.30.17 6:23 PM,30.07.2017,ðŸŒ“,03.08.2017,ðŸŒ”,
Full Moon,8.7.17 6:11 PM,8.7.17 9:11 PM,07.08.2017,ðŸŒ•,11.08.2017,ðŸŒ–,
Last Quarter,8.15.17 1:15 AM,8.15.17 4:15 AM,15.08.2017,ðŸŒ—,18.08.2017,ðŸŒ˜,
New Moon,8.21.17 6:30 PM,8.21.17 9:30 PM,21.08.2017,ðŸŒ‘,25.08.2017,ðŸŒ’,
First Quarter,8.29.17 8:13 AM,8.29.17 11:13 AM,29.08.2017,ðŸŒ“,02.09.2017,ðŸŒ”,
Full Moon,9.6.17 7:03 AM,9.6.17 10:03 AM,06.09.2017,ðŸŒ•,09.09.2017,ðŸŒ–,
Last Quarter,9.13.17 6:25 AM,9.13.17 9:25 AM,13.09.2017,ðŸŒ—,16.09.2017,ðŸŒ˜,
New Moon,9.20.17 5:30 AM,9.20.17 8:30 AM,20.09.2017,ðŸŒ‘,24.09.2017,ðŸŒ’,
First Quarter,9.28.17 2:53 AM,9.28.17 5:53 AM,28.09.2017,ðŸŒ“,02.10.2017,ðŸŒ”,
Full Moon,10.5.17 6:40 PM,10.5.17 9:40 PM,05.10.2017,ðŸŒ•,09.10.2017,ðŸŒ–,
Last Quarter,10.12.17 12:25 PM,10.12.17 3:25 PM,12.10.2017,ðŸŒ—,16.10.2017,ðŸŒ˜,
New Moon,10.19.17 7:12 PM,10.19.17 10:12 PM,19.10.2017,ðŸŒ‘,23.10.2017,ðŸŒ’,
First Quarter,10.27.17 10:22 PM,10.28.17 1:22 AM,28.10.2017,ðŸŒ“,31.10.2017,ðŸŒ”,
Full Moon,11.4.17 5:23 AM,11.4.17 8:23 AM,04.11.2017,ðŸŒ•,07.11.2017,ðŸŒ–,
Last Quarter,11.10.17 8:36 PM,11.10.17 11:36 PM,10.11.2017,ðŸŒ—,14.11.2017,ðŸŒ˜,
New Moon,11.18.17 11:42 AM,11.18.17 2:42 PM,18.11.2017,ðŸŒ‘,22.11.2017,ðŸŒ’,
First Quarter,11.26.17 5:03 PM,11.26.17 8:03 PM,26.11.2017,ðŸŒ“,30.11.2017,ðŸŒ”,
Full Moon,12.3.17 3:47 PM,12.3.17 6:47 PM,03.12.2017,ðŸŒ•,07.12.2017,ðŸŒ–,
Last Quarter,12.10.17 7:51 AM,12.10.17 10:51 AM,10.12.2017,ðŸŒ—,14.12.2017,ðŸŒ˜,
New Moon,12.18.17 6:30 AM,12.18.17 9:30 AM,18.12.2017,ðŸŒ‘,22.12.2017,ðŸŒ’,
First Quarter,12.26.17 9:20 AM,12.26.17 12:20 PM,26.12.2017,ðŸŒ“,29.12.2017,ðŸŒ”,
Full Moon,1.2.18 2:24 AM,1.2.18 5:24 AM,02.01.2018,ðŸŒ•,05.01.2018,ðŸŒ–,
Last Quarter,1.8.18 10:25 PM,1.9.18 1:25 AM,09.01.2018,ðŸŒ—,13.01.2018,ðŸŒ˜,
New Moon,1.17.18 2:17 AM,1.17.18 5:17 AM,17.01.2018,ðŸŒ‘,21.01.2018,ðŸŒ’,
First Quarter,1.24.18 10:20 PM,1.25.18 1:20 AM,25.01.2018,ðŸŒ“,28.01.2018,ðŸŒ”,
Full Moon,1.31.18 1:27 PM,1.31.18 4:27 PM,31.01.2018,ðŸŒ•,04.02.2018,ðŸŒ–,
Last Quarter,2.7.18 3:54 PM,2.7.18 6:54 PM,07.02.2018,ðŸŒ—,11.02.2018,ðŸŒ˜,
New Moon,2.15.18 9:05 PM,2.16.18 12:05 AM,16.02.2018,ðŸŒ‘,19.02.2018,ðŸŒ’,
First Quarter,2.23.18 8:09 AM,2.23.18 11:09 AM,23.02.2018,ðŸŒ“,26.02.2018,ðŸŒ”,
Full Moon,3.2.18 12:51 AM,3.2.18 3:51 AM,02.03.2018,ðŸŒ•,05.03.2018,ðŸŒ–,
Last Quarter,3.9.18 11:20 AM,3.9.18 2:20 PM,09.03.2018,ðŸŒ—,13.03.2018,ðŸŒ˜,
New Moon,3.17.18 1:12 PM,3.17.18 4:12 PM,17.03.2018,ðŸŒ‘,21.03.2018,ðŸŒ’,
First Quarter,3.24.18 3:35 PM,3.24.18 6:35 PM,24.03.2018,ðŸŒ“,28.03.2018,ðŸŒ”,
Full Moon,3.31.18 12:37 PM,3.31.18 3:37 PM,31.03.2018,ðŸŒ•,04.04.2018,ðŸŒ–,
Last Quarter,4.8.18 7:17 AM,4.8.18 10:17 AM,08.04.2018,ðŸŒ—,12.04.2018,ðŸŒ˜,
New Moon,4.16.18 1:57 AM,4.16.18 4:57 AM,16.04.2018,ðŸŒ‘,19.04.2018,ðŸŒ’,
First Quarter,4.22.18 9:46 PM,4.23.18 12:46 AM,23.04.2018,ðŸŒ“,26.04.2018,ðŸŒ”,
Full Moon,4.30.18 12:58 AM,4.30.18 3:58 AM,30.04.2018,ðŸŒ•,04.05.2018,ðŸŒ–,
Last Quarter,5.8.18 2:09 AM,5.8.18 5:09 AM,08.05.2018,ðŸŒ—,11.05.2018,ðŸŒ˜,
New Moon,5.15.18 11:48 AM,5.15.18 2:48 PM,15.05.2018,ðŸŒ‘,18.05.2018,ðŸŒ’,
First Quarter,5.22.18 3:49 AM,5.22.18 6:49 AM,22.05.2018,ðŸŒ“,26.05.2018,ðŸŒ”,
Full Moon,5.29.18 2:19 PM,5.29.18 5:19 PM,29.05.2018,ðŸŒ•,02.06.2018,ðŸŒ–,
Last Quarter,6.6.18 6:32 PM,6.6.18 9:32 PM,06.06.2018,ðŸŒ—,10.06.2018,ðŸŒ˜,
New Moon,6.13.18 7:43 PM,6.13.18 10:43 PM,13.06.2018,ðŸŒ‘,17.06.2018,ðŸŒ’,
First Quarter,6.20.18 10:51 AM,6.20.18 1:51 PM,20.06.2018,ðŸŒ“,24.06.2018,ðŸŒ”,
Full Moon,6.28.18 4:53 AM,6.28.18 7:53 AM,28.06.2018,ðŸŒ•,02.07.2018,ðŸŒ–,
Last Quarter,7.6.18 7:51 AM,7.6.18 10:51 AM,06.07.2018,ðŸŒ—,09.07.2018,ðŸŒ˜,
New Moon,7.13.18 2:48 AM,7.13.18 5:48 AM,13.07.2018,ðŸŒ‘,16.07.2018,ðŸŒ’,
First Quarter,7.19.18 7:52 PM,7.19.18 10:52 PM,19.07.2018,ðŸŒ“,23.07.2018,ðŸŒ”,
Full Moon,7.27.18 8:20 PM,7.27.18 11:20 PM,27.07.2018,ðŸŒ•,31.07.2018,ðŸŒ–,
Last Quarter,8.4.18 6:18 PM,8.4.18 9:18 PM,04.08.2018,ðŸŒ—,08.08.2018,ðŸŒ˜,
New Moon,8.11.18 9:58 AM,8.11.18 12:58 PM,11.08.2018,ðŸŒ‘,14.08.2018,ðŸŒ’,
First Quarter,8.18.18 7:48 AM,8.18.18 10:48 AM,18.08.2018,ðŸŒ“,22.08.2018,ðŸŒ”,
Full Moon,8.26.18 11:56 AM,8.26.18 2:56 PM,26.08.2018,ðŸŒ•,30.08.2018,ðŸŒ–,
Last Quarter,9.3.18 2:37 AM,9.3.18 5:37 AM,03.09.2018,ðŸŒ—,06.09.2018,ðŸŒ˜,
New Moon,9.9.18 6:01 PM,9.9.18 9:01 PM,09.09.2018,ðŸŒ‘,13.09.2018,ðŸŒ’,
First Quarter,9.16.18 11:15 PM,9.17.18 2:15 AM,17.09.2018,ðŸŒ“,21.09.2018,ðŸŒ”,
Full Moon,9.25.18 2:52 AM,9.25.18 5:52 AM,25.09.2018,ðŸŒ•,28.09.2018,ðŸŒ–,
Last Quarter,10.2.18 9:45 AM,10.2.18 12:45 PM,02.10.2018,ðŸŒ—,05.10.2018,ðŸŒ˜,
New Moon,10.9.18 3:47 AM,10.9.18 6:47 AM,09.10.2018,ðŸŒ‘,13.10.2018,ðŸŒ’,
First Quarter,10.16.18 6:02 PM,10.16.18 9:02 PM,16.10.2018,ðŸŒ“,20.10.2018,ðŸŒ”,
Full Moon,10.24.18 4:45 PM,10.24.18 7:45 PM,24.10.2018,ðŸŒ•,28.10.2018,ðŸŒ–,
Last Quarter,10.31.18 4:40 PM,10.31.18 7:40 PM,31.10.2018,ðŸŒ—,04.11.2018,ðŸŒ˜,
New Moon,11.7.18 4:02 PM,11.7.18 7:02 PM,07.11.2018,ðŸŒ‘,11.11.2018,ðŸŒ’,
First Quarter,11.15.18 2:54 PM,11.15.18 5:54 PM,15.11.2018,ðŸŒ“,19.11.2018,ðŸŒ”,
Full Moon,11.23.18 5:39 AM,11.23.18 8:39 AM,23.11.2018,ðŸŒ•,26.11.2018,ðŸŒ–,
Last Quarter,11.30.18 12:19 AM,11.30.18 3:19 AM,30.11.2018,ðŸŒ—,03.12.2018,ðŸŒ˜,
New Moon,12.7.18 7:20 AM,12.7.18 10:20 AM,07.12.2018,ðŸŒ‘,11.12.2018,ðŸŒ’,
First Quarter,12.15.18 11:49 AM,12.15.18 2:49 PM,15.12.2018,ðŸŒ“,19.12.2018,ðŸŒ”,
Full Moon,12.22.18 5:49 PM,12.22.18 8:49 PM,22.12.2018,ðŸŒ•,26.12.2018,ðŸŒ–,
Last Quarter,12.29.18 9:34 AM,12.29.18 12:34 PM,29.12.2018,ðŸŒ—,02.01.2019,ðŸŒ˜,
New Moon,1.6.19 1:28 AM,1.6.19 4:28 AM,06.01.2019,ðŸŒ‘,10.01.2019,ðŸŒ’,
First Quarter,1.14.19 6:45 AM,1.14.19 9:45 AM,14.01.2019,ðŸŒ“,17.01.2019,ðŸŒ”,
Full Moon,1.21.19 5:16 AM,1.21.19 8:16 AM,21.01.2019,ðŸŒ•,24.01.2019,ðŸŒ–,
Last Quarter,1.27.19 9:10 PM,1.28.19 12:10 AM,28.01.2019,ðŸŒ—,01.02.2019,ðŸŒ˜,
New Moon,2.4.19 9:04 PM,2.5.19 12:04 AM,05.02.2019,ðŸŒ‘,09.02.2019,ðŸŒ’,
First Quarter,2.12.19 10:26 PM,2.13.19 1:26 AM,13.02.2019,ðŸŒ“,16.02.2019,ðŸŒ”,
Full Moon,2.19.19 3:53 PM,2.19.19 6:53 PM,19.02.2019,ðŸŒ•,23.02.2019,ðŸŒ–,
Last Quarter,2.26.19 11:28 AM,2.26.19 2:28 PM,26.02.2019,ðŸŒ—,02.03.2019,ðŸŒ˜,
New Moon,3.6.19 4:04 PM,3.6.19 7:04 PM,06.03.2019,ðŸŒ‘,10.03.2019,ðŸŒ’,
First Quarter,3.14.19 10:27 AM,3.14.19 1:27 PM,14.03.2019,ðŸŒ“,17.03.2019,ðŸŒ”,
Full Moon,3.21.19 1:43 AM,3.21.19 4:43 AM,21.03.2019,ðŸŒ•,24.03.2019,ðŸŒ–,
Last Quarter,3.28.19 4:10 AM,3.28.19 7:10 AM,28.03.2019,ðŸŒ—,01.04.2019,ðŸŒ˜,
New Moon,4.5.19 8:50 AM,4.5.19 11:50 AM,05.04.2019,ðŸŒ‘,09.04.2019,ðŸŒ’,
First Quarter,4.12.19 7:06 PM,4.12.19 10:06 PM,12.04.2019,ðŸŒ“,16.04.2019,ðŸŒ”,
Full Moon,4.19.19 11:12 AM,4.19.19 2:12 PM,19.04.2019,ðŸŒ•,23.04.2019,ðŸŒ–,
Last Quarter,4.26.19 10:18 PM,4.27.19 1:18 AM,27.04.2019,ðŸŒ—,01.05.2019,ðŸŒ˜,
New Moon,5.4.19 10:45 PM,5.5.19 1:45 AM,05.05.2019,ðŸŒ‘,08.05.2019,ðŸŒ’,
First Quarter,5.12.19 1:12 AM,5.12.19 4:12 AM,12.05.2019,ðŸŒ“,15.05.2019,ðŸŒ”,
Full Moon,5.18.19 9:11 PM,5.19.19 12:11 AM,19.05.2019,ðŸŒ•,22.05.2019,ðŸŒ–,
Last Quarter,5.26.19 4:34 PM,5.26.19 7:34 PM,26.05.2019,ðŸŒ—,30.05.2019,ðŸŒ˜,
New Moon,6.3.19 10:02 AM,6.3.19 1:02 PM,03.06.2019,ðŸŒ‘,06.06.2019,ðŸŒ’,
First Quarter,6.10.19 5:59 AM,6.10.19 8:59 AM,10.06.2019,ðŸŒ“,13.06.2019,ðŸŒ”,
Full Moon,6.17.19 8:31 AM,6.17.19 11:31 AM,17.06.2019,ðŸŒ•,21.06.2019,ðŸŒ–,
Last Quarter,6.25.19 9:46 AM,6.25.19 12:46 PM,25.06.2019,ðŸŒ—,29.06.2019,ðŸŒ˜,
New Moon,7.2.19 7:16 PM,7.2.19 10:16 PM,02.07.2019,ðŸŒ‘,06.07.2019,ðŸŒ’,
First Quarter,7.9.19 10:55 AM,7.9.19 1:55 PM,09.07.2019,ðŸŒ“,13.07.2019,ðŸŒ”,
Full Moon,7.16.19 9:38 PM,7.17.19 12:38 AM,17.07.2019,ðŸŒ•,21.07.2019,ðŸŒ–,
Last Quarter,7.25.19 1:18 AM,7.25.19 4:18 AM,25.07.2019,ðŸŒ—,28.07.2019,ðŸŒ˜,
New Moon,8.1.19 3:12 AM,8.1.19 6:12 AM,01.08.2019,ðŸŒ‘,04.08.2019,ðŸŒ’,
First Quarter,8.7.19 5:31 PM,8.7.19 8:31 PM,07.08.2019,ðŸŒ“,11.08.2019,ðŸŒ”,
Full Moon,8.15.19 12:29 PM,8.15.19 3:29 PM,15.08.2019,ðŸŒ•,19.08.2019,ðŸŒ–,
Last Quarter,8.23.19 2:56 PM,8.23.19 5:56 PM,23.08.2019,ðŸŒ—,27.08.2019,ðŸŒ˜,
New Moon,8.30.19 10:37 AM,8.30.19 1:37 PM,30.08.2019,ðŸŒ‘,02.09.2019,ðŸŒ’,
First Quarter,9.6.19 3:10 AM,9.6.19 6:10 AM,06.09.2019,ðŸŒ“,10.09.2019,ðŸŒ”,
Full Moon,9.14.19 4:33 AM,9.14.19 7:33 AM,14.09.2019,ðŸŒ•,18.09.2019,ðŸŒ–,
Last Quarter,9.22.19 2:41 AM,9.22.19 5:41 AM,22.09.2019,ðŸŒ—,25.09.2019,ðŸŒ˜,
New Moon,9.28.19 6:26 PM,9.28.19 9:26 PM,28.09.2019,ðŸŒ‘,02.10.2019,ðŸŒ’,
First Quarter,10.5.19 4:47 PM,10.5.19 7:47 PM,05.10.2019,ðŸŒ“,09.10.2019,ðŸŒ”,
Full Moon,10.13.19 9:08 PM,10.14.19 12:08 AM,14.10.2019,ðŸŒ•,17.10.2019,ðŸŒ–,
Last Quarter,10.21.19 12:39 PM,10.21.19 3:39 PM,21.10.2019,ðŸŒ—,24.10.2019,ðŸŒ˜,
New Moon,10.28.19 3:38 AM,10.28.19 6:38 AM,28.10.2019,ðŸŒ‘,31.10.2019,ðŸŒ’,
First Quarter,11.4.19 10:23 AM,11.4.19 1:23 PM,04.11.2019,ðŸŒ“,08.11.2019,ðŸŒ”,
Full Moon,11.12.19 1:34 PM,11.12.19 4:34 PM,12.11.2019,ðŸŒ•,16.11.2019,ðŸŒ–,
Last Quarter,11.19.19 9:11 PM,11.20.19 12:11 AM,20.11.2019,ðŸŒ—,23.11.2019,ðŸŒ˜,
New Moon,11.26.19 3:06 PM,11.26.19 6:06 PM,26.11.2019,ðŸŒ‘,30.11.2019,ðŸŒ’,
First Quarter,12.4.19 6:58 AM,12.4.19 9:58 AM,04.12.2019,ðŸŒ“,08.12.2019,ðŸŒ”,
Full Moon,12.12.19 5:12 AM,12.12.19 8:12 AM,12.12.2019,ðŸŒ•,15.12.2019,ðŸŒ–,
Last Quarter,12.19.19 4:57 AM,12.19.19 7:57 AM,19.12.2019,ðŸŒ—,22.12.2019,ðŸŒ˜,
New Moon,12.26.19 5:13 AM,12.26.19 8:13 AM,26.12.2019,ðŸŒ‘,30.12.2019,ðŸŒ’,
First Quarter,1.3.20 4:45 AM,1.3.20 7:45 AM,03.01.2020,ðŸŒ“,07.01.2020,ðŸŒ”,
Full Moon,1.10.20 7:21 PM,1.10.20 10:21 PM,10.01.2020,ðŸŒ•,14.01.2020,ðŸŒ–,
Last Quarter,1.17.20 12:58 PM,1.17.20 3:58 PM,17.01.2020,ðŸŒ—,21.01.2020,ðŸŒ˜,
New Moon,1.24.20 9:42 PM,1.25.20 12:42 AM,25.01.2020,ðŸŒ‘,29.01.2020,ðŸŒ’,
First Quarter,2.2.20 1:42 AM,2.2.20 4:42 AM,02.02.2020,ðŸŒ“,05.02.2020,ðŸŒ”,
Full Moon,2.9.20 7:33 AM,2.9.20 10:33 AM,09.02.2020,ðŸŒ•,12.02.2020,ðŸŒ–,
Last Quarter,2.15.20 10:17 PM,2.16.20 1:17 AM,16.02.2020,ðŸŒ—,19.02.2020,ðŸŒ˜,
New Moon,2.23.20 3:32 PM,2.23.20 6:32 PM,23.02.2020,ðŸŒ‘,27.02.2020,ðŸŒ’,
First Quarter,3.2.20 7:57 PM,3.2.20 10:57 PM,02.03.2020,ðŸŒ“,06.03.2020,ðŸŒ”,
Full Moon,3.9.20 5:48 PM,3.9.20 8:48 PM,09.03.2020,ðŸŒ•,13.03.2020,ðŸŒ–,
Last Quarter,3.16.20 9:34 AM,3.16.20 12:34 PM,16.03.2020,ðŸŒ—,20.03.2020,ðŸŒ˜,
New Moon,3.24.20 9:28 AM,3.24.20 12:28 PM,24.03.2020,ðŸŒ‘,28.03.2020,ðŸŒ’,
First Quarter,4.1.20 10:21 AM,4.1.20 1:21 PM,01.04.2020,ðŸŒ“,04.04.2020,ðŸŒ”,
Full Moon,4.8.20 2:35 AM,4.8.20 5:35 AM,08.04.2020,ðŸŒ•,11.04.2020,ðŸŒ–,
Last Quarter,4.14.20 10:56 PM,4.15.20 1:56 AM,15.04.2020,ðŸŒ—,19.04.2020,ðŸŒ˜,
New Moon,4.23.20 2:26 AM,4.23.20 5:26 AM,23.04.2020,ðŸŒ‘,27.04.2020,ðŸŒ’,
First Quarter,4.30.20 8:38 PM,4.30.20 11:38 PM,30.04.2020,ðŸŒ“,04.05.2020,ðŸŒ”,
Full Moon,5.7.20 10:45 AM,5.7.20 1:45 PM,07.05.2020,ðŸŒ•,11.05.2020,ðŸŒ–,
Last Quarter,5.14.20 2:03 PM,5.14.20 5:03 PM,14.05.2020,ðŸŒ—,18.05.2020,ðŸŒ˜,
New Moon,5.22.20 5:39 PM,5.22.20 8:39 PM,22.05.2020,ðŸŒ‘,26.05.2020,ðŸŒ’,
First Quarter,5.30.20 3:30 AM,5.30.20 6:30 AM,30.05.2020,ðŸŒ“,02.06.2020,ðŸŒ”,
Full Moon,6.5.20 7:12 PM,6.5.20 10:12 PM,05.06.2020,ðŸŒ•,09.06.2020,ðŸŒ–,
Last Quarter,6.13.20 6:24 AM,6.13.20 9:24 AM,13.06.2020,ðŸŒ—,17.06.2020,ðŸŒ˜,
New Moon,6.21.20 6:41 AM,6.21.20 9:41 AM,21.06.2020,ðŸŒ‘,24.06.2020,ðŸŒ’,
First Quarter,6.28.20 8:16 AM,6.28.20 11:16 AM,28.06.2020,ðŸŒ“,01.07.2020,ðŸŒ”,
Full Moon,7.5.20 4:44 AM,7.5.20 7:44 AM,05.07.2020,ðŸŒ•,09.07.2020,ðŸŒ–,
Last Quarter,7.12.20 11:29 PM,7.13.20 2:29 AM,13.07.2020,ðŸŒ—,16.07.2020,ðŸŒ˜,
New Moon,7.20.20 5:33 PM,7.20.20 8:33 PM,20.07.2020,ðŸŒ‘,24.07.2020,ðŸŒ’,
First Quarter,7.27.20 12:32 PM,7.27.20 3:32 PM,27.07.2020,ðŸŒ“,31.07.2020,ðŸŒ”,
Full Moon,8.3.20 3:59 PM,8.3.20 6:59 PM,03.08.2020,ðŸŒ•,07.08.2020,ðŸŒ–,
Last Quarter,8.11.20 4:45 PM,8.11.20 7:45 PM,11.08.2020,ðŸŒ—,15.08.2020,ðŸŒ˜,
New Moon,8.19.20 2:42 AM,8.19.20 5:42 AM,19.08.2020,ðŸŒ‘,22.08.2020,ðŸŒ’,
First Quarter,8.25.20 5:58 PM,8.25.20 8:58 PM,25.08.2020,ðŸŒ“,29.08.2020,ðŸŒ”,
Full Moon,9.2.20 5:22 AM,9.2.20 8:22 AM,02.09.2020,ðŸŒ•,06.09.2020,ðŸŒ–,
Last Quarter,9.10.20 9:26 AM,9.10.20 12:26 PM,10.09.2020,ðŸŒ—,14.09.2020,ðŸŒ˜,
New Moon,9.17.20 11:00 AM,9.17.20 2:00 PM,17.09.2020,ðŸŒ‘,20.09.2020,ðŸŒ’,
First Quarter,9.24.20 1:55 AM,9.24.20 4:55 AM,24.09.2020,ðŸŒ“,28.09.2020,ðŸŒ”,
Full Moon,10.1.20 9:05 PM,10.2.20 12:05 AM,02.10.2020,ðŸŒ•,06.10.2020,ðŸŒ–,
Last Quarter,10.10.20 12:39 AM,10.10.20 3:39 AM,10.10.2020,ðŸŒ—,13.10.2020,ðŸŒ˜,
New Moon,10.16.20 7:31 PM,10.16.20 10:31 PM,16.10.2020,ðŸŒ‘,20.10.2020,ðŸŒ’,
First Quarter,10.23.20 1:23 PM,10.23.20 4:23 PM,23.10.2020,ðŸŒ“,27.10.2020,ðŸŒ”,
Full Moon,10.31.20 2:49 PM,10.31.20 5:49 PM,31.10.2020,ðŸŒ•,04.11.2020,ðŸŒ–,
Last Quarter,11.8.20 1:46 PM,11.8.20 4:46 PM,08.11.2020,ðŸŒ—,12.11.2020,ðŸŒ˜,
New Moon,11.15.20 5:07 AM,11.15.20 8:07 AM,15.11.2020,ðŸŒ‘,18.11.2020,ðŸŒ’,
First Quarter,11.22.20 4:45 AM,11.22.20 7:45 AM,22.11.2020,ðŸŒ“,26.11.2020,ðŸŒ”,
Full Moon,11.30.20 9:30 AM,11.30.20 12:30 PM,30.11.2020,ðŸŒ•,04.12.2020,ðŸŒ–,
Last Quarter,12.8.20 12:36 AM,12.8.20 3:36 AM,08.12.2020,ðŸŒ—,11.12.2020,ðŸŒ˜,
New Moon,12.14.20 4:16 PM,12.14.20 7:16 PM,14.12.2020,ðŸŒ‘,18.12.2020,ðŸŒ’,
First Quarter,12.21.20 11:41 PM,12.22.20 2:41 AM,22.12.2020,ðŸŒ“,26.12.2020,ðŸŒ”,
Full Moon,12.30.20 3:28 AM,12.30.20 6:28 AM,30.12.2020,ðŸŒ•,02.01.2021,ðŸŒ–,
Last Quarter,1.6.21 9:37 AM,1.6.21 12:37 PM,06.01.2021,ðŸŒ—,09.01.2021,ðŸŒ˜,
New Moon,1.13.21 5:00 AM,1.13.21 8:00 AM,13.01.2021,ðŸŒ‘,17.01.2021,ðŸŒ’,
First Quarter,1.20.21 9:01 PM,1.21.21 12:01 AM,21.01.2021,ðŸŒ“,24.01.2021,ðŸŒ”,
Full Moon,1.28.21 7:16 PM,1.28.21 10:16 PM,28.01.2021,ðŸŒ•,01.02.2021,ðŸŒ–,
Last Quarter,2.4.21 5:37 PM,2.4.21 8:37 PM,04.02.2021,ðŸŒ—,08.02.2021,ðŸŒ˜,
New Moon,2.11.21 7:06 PM,2.11.21 10:06 PM,11.02.2021,ðŸŒ‘,15.02.2021,ðŸŒ’,
First Quarter,2.19.21 6:47 PM,2.19.21 9:47 PM,19.02.2021,ðŸŒ“,23.02.2021,ðŸŒ”,
Full Moon,2.27.21 8:17 AM,2.27.21 11:17 AM,27.02.2021,ðŸŒ•,02.03.2021,ðŸŒ–,
Last Quarter,3.6.21 1:30 AM,3.6.21 4:30 AM,06.03.2021,ðŸŒ—,09.03.2021,ðŸŒ˜,
New Moon,3.13.21 10:21 AM,3.13.21 1:21 PM,13.03.2021,ðŸŒ‘,17.03.2021,ðŸŒ’,
First Quarter,3.21.21 2:40 PM,3.21.21 5:40 PM,21.03.2021,ðŸŒ“,25.03.2021,ðŸŒ”,
Full Moon,3.28.21 6:48 PM,3.28.21 9:48 PM,28.03.2021,ðŸŒ•,01.04.2021,ðŸŒ–,
Last Quarter,4.4.21 10:02 AM,4.4.21 1:02 PM,04.04.2021,ðŸŒ—,08.04.2021,ðŸŒ˜,
New Moon,4.12.21 2:31 AM,4.12.21 5:31 AM,12.04.2021,ðŸŒ‘,16.04.2021,ðŸŒ’,
First Quarter,4.20.21 6:59 AM,4.20.21 9:59 AM,20.04.2021,ðŸŒ“,23.04.2021,ðŸŒ”,
Full Moon,4.27.21 3:31 AM,4.27.21 6:31 AM,27.04.2021,ðŸŒ•,30.04.2021,ðŸŒ–,
Last Quarter,5.3.21 7:50 PM,5.3.21 10:50 PM,03.05.2021,ðŸŒ—,07.05.2021,ðŸŒ˜,
New Moon,5.11.21 7:00 PM,5.11.21 10:00 PM,11.05.2021,ðŸŒ‘,15.05.2021,ðŸŒ’,
First Quarter,5.19.21 7:13 PM,5.19.21 10:13 PM,19.05.2021,ðŸŒ“,23.05.2021,ðŸŒ”,
Full Moon,5.26.21 11:14 AM,5.26.21 2:14 PM,26.05.2021,ðŸŒ•,30.05.2021,ðŸŒ–,
Last Quarter,6.2.21 7:24 AM,6.2.21 10:24 AM,02.06.2021,ðŸŒ—,06.06.2021,ðŸŒ˜,
New Moon,6.10.21 10:53 AM,6.10.21 1:53 PM,10.06.2021,ðŸŒ‘,14.06.2021,ðŸŒ’,
First Quarter,6.18.21 3:54 AM,6.18.21 6:54 AM,18.06.2021,ðŸŒ“,21.06.2021,ðŸŒ”,
Full Moon,6.24.21 6:40 PM,6.24.21 9:40 PM,24.06.2021,ðŸŒ•,28.06.2021,ðŸŒ–,
Last Quarter,7.1.21 9:11 PM,7.2.21 12:11 AM,02.07.2021,ðŸŒ—,06.07.2021,ðŸŒ˜,
New Moon,7.10.21 1:17 AM,7.10.21 4:17 AM,10.07.2021,ðŸŒ‘,13.07.2021,ðŸŒ’,
First Quarter,7.17.21 10:11 AM,7.17.21 1:11 PM,17.07.2021,ðŸŒ“,20.07.2021,ðŸŒ”,
Full Moon,7.24.21 2:37 AM,7.24.21 5:37 AM,24.07.2021,ðŸŒ•,27.07.2021,ðŸŒ–,
Last Quarter,7.31.21 1:16 PM,7.31.21 4:16 PM,31.07.2021,ðŸŒ—,04.08.2021,ðŸŒ˜,
New Moon,8.8.21 1:50 PM,8.8.21 4:50 PM,08.08.2021,ðŸŒ‘,12.08.2021,ðŸŒ’,
First Quarter,8.15.21 3:19 PM,8.15.21 6:19 PM,15.08.2021,ðŸŒ“,19.08.2021,ðŸŒ”,
Full Moon,8.22.21 12:02 PM,8.22.21 3:02 PM,22.08.2021,ðŸŒ•,26.08.2021,ðŸŒ–,
Last Quarter,8.30.21 7:13 AM,8.30.21 10:13 AM,30.08.2021,ðŸŒ—,03.09.2021,ðŸŒ˜,
New Moon,9.7.21 12:52 AM,9.7.21 3:52 AM,07.09.2021,ðŸŒ‘,10.09.2021,ðŸŒ’,
First Quarter,9.13.21 8:39 PM,9.13.21 11:39 PM,13.09.2021,ðŸŒ“,17.09.2021,ðŸŒ”,
Full Moon,9.20.21 11:55 PM,9.21.21 2:55 AM,21.09.2021,ðŸŒ•,25.09.2021,ðŸŒ–,
Last Quarter,9.29.21 1:57 AM,9.29.21 4:57 AM,29.09.2021,ðŸŒ—,02.10.2021,ðŸŒ˜,
New Moon,10.6.21 11:05 AM,10.6.21 2:05 PM,06.10.2021,ðŸŒ‘,09.10.2021,ðŸŒ’,
First Quarter,10.13.21 3:25 AM,10.13.21 6:25 AM,13.10.2021,ðŸŒ“,17.10.2021,ðŸŒ”,
Full Moon,10.20.21 2:57 PM,10.20.21 5:57 PM,20.10.2021,ðŸŒ•,24.10.2021,ðŸŒ–,
Last Quarter,10.28.21 8:05 PM,10.28.21 11:05 PM,28.10.2021,ðŸŒ—,01.11.2021,ðŸŒ˜,
New Moon,11.4.21 9:14 PM,11.5.21 12:14 AM,05.11.2021,ðŸŒ‘,08.11.2021,ðŸŒ’,
First Quarter,11.11.21 12:46 PM,11.11.21 3:46 PM,11.11.2021,ðŸŒ“,15.11.2021,ðŸŒ”,
Full Moon,11.19.21 8:57 AM,11.19.21 11:57 AM,19.11.2021,ðŸŒ•,23.11.2021,ðŸŒ–,
Last Quarter,11.27.21 12:28 PM,11.27.21 3:28 PM,27.11.2021,ðŸŒ—,01.12.2021,ðŸŒ˜,
New Moon,12.4.21 7:43 AM,12.4.21 10:43 AM,04.12.2021,ðŸŒ‘,07.12.2021,ðŸŒ’,
First Quarter,12.11.21 1:35 AM,12.11.21 4:35 AM,11.12.2021,ðŸŒ“,15.12.2021,ðŸŒ”,
Full Moon,12.19.21 4:35 AM,12.19.21 7:35 AM,19.12.2021,ðŸŒ•,23.12.2021,ðŸŒ–,
Last Quarter,12.27.21 2:24 AM,12.27.21 5:24 AM,27.12.2021,ðŸŒ—,30.12.2021,ðŸŒ˜,
New Moon,1.2.22 6:33 PM,1.2.22 9:33 PM,02.01.2022,ðŸŒ‘,06.01.2022,ðŸŒ’,
First Quarter,1.9.22 6:11 PM,1.9.22 9:11 PM,09.01.2022,ðŸŒ“,13.01.2022,ðŸŒ”,
Full Moon,1.17.22 11:48 PM,1.18.22 2:48 AM,18.01.2022,ðŸŒ•,21.01.2022,ðŸŒ–,
Last Quarter,1.25.22 1:41 PM,1.25.22 4:41 PM,25.01.2022,ðŸŒ—,29.01.2022,ðŸŒ˜,
New Moon,2.1.22 5:46 AM,2.1.22 8:46 AM,01.02.2022,ðŸŒ‘,05.02.2022,ðŸŒ’,
First Quarter,2.8.22 1:50 PM,2.8.22 4:50 PM,08.02.2022,ðŸŒ“,12.02.2022,ðŸŒ”,
Full Moon,2.16.22 4:56 PM,2.16.22 7:56 PM,16.02.2022,ðŸŒ•,20.02.2022,ðŸŒ–,
Last Quarter,2.23.22 10:32 PM,2.24.22 1:32 AM,24.02.2022,ðŸŒ—,27.02.2022,ðŸŒ˜,
New Moon,3.2.22 5:35 PM,3.2.22 8:35 PM,02.03.2022,ðŸŒ‘,06.03.2022,ðŸŒ’,
First Quarter,3.10.22 10:45 AM,3.10.22 1:45 PM,10.03.2022,ðŸŒ“,14.03.2022,ðŸŒ”,
Full Moon,3.18.22 7:17 AM,3.18.22 10:17 AM,18.03.2022,ðŸŒ•,21.03.2022,ðŸŒ–,
Last Quarter,3.25.22 5:37 AM,3.25.22 8:37 AM,25.03.2022,ðŸŒ—,28.03.2022,ðŸŒ˜,
New Moon,4.1.22 6:24 AM,4.1.22 9:24 AM,01.04.2022,ðŸŒ‘,05.04.2022,ðŸŒ’,
First Quarter,4.9.22 6:48 AM,4.9.22 9:48 AM,09.04.2022,ðŸŒ“,13.04.2022,ðŸŒ”,
Full Moon,4.16.22 6:55 PM,4.16.22 9:55 PM,16.04.2022,ðŸŒ•,20.04.2022,ðŸŒ–,
Last Quarter,4.23.22 11:56 AM,4.23.22 2:56 PM,23.04.2022,ðŸŒ—,27.04.2022,ðŸŒ˜,
New Moon,4.30.22 8:28 PM,4.30.22 11:28 PM,30.04.2022,ðŸŒ‘,05.05.2022,ðŸŒ’,
First Quarter,5.9.22 12:21 AM,5.9.22 3:21 AM,09.05.2022,ðŸŒ“,12.05.2022,ðŸŒ”,
Full Moon,5.16.22 4:14 AM,5.16.22 7:14 AM,16.05.2022,ðŸŒ•,19.05.2022,ðŸŒ–,
Last Quarter,5.22.22 6:43 PM,5.22.22 9:43 PM,22.05.2022,ðŸŒ—,26.05.2022,ðŸŒ˜,
New Moon,5.30.22 11:30 AM,5.30.22 2:30 PM,30.05.2022,ðŸŒ‘,03.06.2022,ðŸŒ’,
First Quarter,6.7.22 2:48 PM,6.7.22 5:48 PM,07.06.2022,ðŸŒ“,11.06.2022,ðŸŒ”,
Full Moon,6.14.22 11:52 AM,6.14.22 2:52 PM,14.06.2022,ðŸŒ•,17.06.2022,ðŸŒ–,
Last Quarter,6.21.22 3:11 AM,6.21.22 6:11 AM,21.06.2022,ðŸŒ—,25.06.2022,ðŸŒ˜,
New Moon,6.29.22 2:52 AM,6.29.22 5:52 AM,29.06.2022,ðŸŒ‘,03.07.2022,ðŸŒ’,
First Quarter,7.7.22 2:14 AM,7.7.22 5:14 AM,07.07.2022,ðŸŒ“,10.07.2022,ðŸŒ”,
Full Moon,7.13.22 6:38 PM,7.13.22 9:38 PM,13.07.2022,ðŸŒ•,17.07.2022,ðŸŒ–,
Last Quarter,7.20.22 2:19 PM,7.20.22 5:19 PM,20.07.2022,ðŸŒ—,24.07.2022,ðŸŒ˜,
New Moon,7.28.22 5:55 PM,7.28.22 8:55 PM,28.07.2022,ðŸŒ‘,01.08.2022,ðŸŒ’,
First Quarter,8.5.22 11:06 AM,8.5.22 2:06 PM,05.08.2022,ðŸŒ“,08.08.2022,ðŸŒ”,
Full Moon,8.12.22 1:36 AM,8.12.22 4:36 AM,12.08.2022,ðŸŒ•,15.08.2022,ðŸŒ–,
Last Quarter,8.19.22 4:36 AM,8.19.22 7:36 AM,19.08.2022,ðŸŒ—,23.08.2022,ðŸŒ˜,
New Moon,8.27.22 8:17 AM,8.27.22 11:17 AM,27.08.2022,ðŸŒ‘,31.08.2022,ðŸŒ’,
First Quarter,9.3.22 6:08 PM,9.3.22 9:08 PM,03.09.2022,ðŸŒ“,07.09.2022,ðŸŒ”,
Full Moon,9.10.22 9:59 AM,9.10.22 12:59 PM,10.09.2022,ðŸŒ•,14.09.2022,ðŸŒ–,
Last Quarter,9.17.22 9:52 PM,9.18.22 12:52 AM,18.09.2022,ðŸŒ—,22.09.2022,ðŸŒ˜,
New Moon,9.25.22 9:54 PM,9.26.22 12:54 AM,26.09.2022,ðŸŒ‘,29.09.2022,ðŸŒ’,
First Quarter,10.3.22 12:14 AM,10.3.22 3:14 AM,03.10.2022,ðŸŒ“,06.10.2022,ðŸŒ”,
Full Moon,10.9.22 8:55 PM,10.9.22 11:55 PM,09.10.2022,ðŸŒ•,13.10.2022,ðŸŒ–,
Last Quarter,10.17.22 5:15 PM,10.17.22 8:15 PM,17.10.2022,ðŸŒ—,21.10.2022,ðŸŒ˜,
New Moon,10.25.22 10:49 AM,10.25.22 1:49 PM,25.10.2022,ðŸŒ‘,28.10.2022,ðŸŒ’,
First Quarter,11.1.22 6:37 AM,11.1.22 9:37 AM,01.11.2022,ðŸŒ“,04.11.2022,ðŸŒ”,
Full Moon,11.8.22 11:02 AM,11.8.22 2:02 PM,08.11.2022,ðŸŒ•,12.11.2022,ðŸŒ–,
Last Quarter,11.16.22 1:27 PM,11.16.22 4:27 PM,16.11.2022,ðŸŒ—,20.11.2022,ðŸŒ˜,
New Moon,11.23.22 10:57 PM,11.24.22 1:57 AM,24.11.2022,ðŸŒ‘,27.11.2022,ðŸŒ’,
First Quarter,11.30.22 2:36 PM,11.30.22 5:36 PM,30.11.2022,ðŸŒ“,04.12.2022,ðŸŒ”,
Full Moon,12.8.22 4:08 AM,12.8.22 7:08 AM,08.12.2022,ðŸŒ•,12.12.2022,ðŸŒ–,
Last Quarter,12.16.22 8:56 AM,12.16.22 11:56 AM,16.12.2022,ðŸŒ—,20.12.2022,ðŸŒ˜,
New Moon,12.23.22 10:17 AM,12.23.22 1:17 PM,23.12.2022,ðŸŒ‘,26.12.2022,ðŸŒ’,
First Quarter,12.30.22 1:20 AM,12.30.22 4:20 AM,30.12.2022,ðŸŒ“,03.01.2023,ðŸŒ”,
Full Moon,1.6.23 11:08 PM,1.7.23 2:08 AM,07.01.2023,ðŸŒ•,11.01.2023,ðŸŒ–,
Last Quarter,1.15.23 2:10 AM,1.15.23 5:10 AM,15.01.2023,ðŸŒ—,18.01.2023,ðŸŒ˜,
New Moon,1.21.23 8:53 PM,1.21.23 11:53 PM,21.01.2023,ðŸŒ‘,25.01.2023,ðŸŒ’,
First Quarter,1.28.23 3:19 PM,1.28.23 6:19 PM,28.01.2023,ðŸŒ“,01.02.2023,ðŸŒ”,
Full Moon,2.5.23 6:28 PM,2.5.23 9:28 PM,05.02.2023,ðŸŒ•,09.02.2023,ðŸŒ–,
Last Quarter,2.13.23 4:01 PM,2.13.23 7:01 PM,13.02.2023,ðŸŒ—,17.02.2023,ðŸŒ˜,
New Moon,2.20.23 7:06 AM,2.20.23 10:06 AM,20.02.2023,ðŸŒ‘,23.02.2023,ðŸŒ’,
First Quarter,2.27.23 8:06 AM,2.27.23 11:06 AM,27.02.2023,ðŸŒ“,03.03.2023,ðŸŒ”,
Full Moon,3.7.23 12:40 PM,3.7.23 3:40 PM,07.03.2023,ðŸŒ•,11.03.2023,ðŸŒ–,
Last Quarter,3.15.23 2:08 AM,3.15.23 5:08 AM,15.03.2023,ðŸŒ—,18.03.2023,ðŸŒ˜,
New Moon,3.21.23 5:23 PM,3.21.23 8:23 PM,21.03.2023,ðŸŒ‘,25.03.2023,ðŸŒ’,
First Quarter,3.29.23 2:32 AM,3.29.23 5:32 AM,29.03.2023,ðŸŒ“,02.04.2023,ðŸŒ”,
Full Moon,4.6.23 4:34 AM,4.6.23 7:34 AM,06.04.2023,ðŸŒ•,09.04.2023,ðŸŒ–,
Last Quarter,4.13.23 9:11 AM,4.13.23 12:11 PM,13.04.2023,ðŸŒ—,16.04.2023,ðŸŒ˜,
New Moon,4.20.23 4:12 AM,4.20.23 7:12 AM,20.04.2023,ðŸŒ‘,24.04.2023,ðŸŒ’,
First Quarter,4.27.23 9:20 PM,4.28.23 12:20 AM,28.04.2023,ðŸŒ“,01.05.2023,ðŸŒ”,
Full Moon,5.5.23 5:34 PM,5.5.23 8:34 PM,05.05.2023,ðŸŒ•,09.05.2023,ðŸŒ–,
Last Quarter,5.12.23 2:28 PM,5.12.23 5:28 PM,12.05.2023,ðŸŒ—,16.05.2023,ðŸŒ˜,
New Moon,5.19.23 3:53 PM,5.19.23 6:53 PM,19.05.2023,ðŸŒ‘,23.05.2023,ðŸŒ’,
First Quarter,5.27.23 3:22 PM,5.27.23 6:22 PM,27.05.2023,ðŸŒ“,31.05.2023,ðŸŒ”,
Full Moon,6.4.23 3:42 AM,6.4.23 6:42 AM,04.06.2023,ðŸŒ•,07.06.2023,ðŸŒ–,
Last Quarter,6.10.23 7:31 PM,6.10.23 10:31 PM,10.06.2023,ðŸŒ—,14.06.2023,ðŸŒ˜,
New Moon,6.18.23 4:37 AM,6.18.23 7:37 AM,18.06.2023,ðŸŒ‘,22.06.2023,ðŸŒ’,
First Quarter,6.26.23 7:50 AM,6.26.23 10:50 AM,26.06.2023,ðŸŒ“,30.06.2023,ðŸŒ”,
Full Moon,7.3.23 11:39 AM,7.3.23 2:39 PM,03.07.2023,ðŸŒ•,06.07.2023,ðŸŒ–,
Last Quarter,7.10.23 1:48 AM,7.10.23 4:48 AM,10.07.2023,ðŸŒ—,14.07.2023,ðŸŒ˜,
New Moon,7.17.23 6:32 PM,7.17.23 9:32 PM,17.07.2023,ðŸŒ‘,21.07.2023,ðŸŒ’,
First Quarter,7.25.23 10:07 PM,7.26.23 1:07 AM,26.07.2023,ðŸŒ“,29.07.2023,ðŸŒ”,
Full Moon,8.1.23 6:32 PM,8.1.23 9:32 PM,01.08.2023,ðŸŒ•,05.08.2023,ðŸŒ–,
Last Quarter,8.8.23 10:28 AM,8.8.23 1:28 PM,08.08.2023,ðŸŒ—,12.08.2023,ðŸŒ˜,
New Moon,8.16.23 9:38 AM,8.16.23 12:38 PM,16.08.2023,ðŸŒ‘,20.08.2023,ðŸŒ’,
First Quarter,8.24.23 9:57 AM,8.24.23 12:57 PM,24.08.2023,ðŸŒ“,27.08.2023,ðŸŒ”,
Full Moon,8.31.23 1:35 AM,8.31.23 4:35 AM,31.08.2023,ðŸŒ•,03.09.2023,ðŸŒ–,
Last Quarter,9.6.23 10:21 PM,9.7.23 1:21 AM,07.09.2023,ðŸŒ—,11.09.2023,ðŸŒ˜,
New Moon,9.15.23 1:40 AM,9.15.23 4:40 AM,15.09.2023,ðŸŒ‘,19.09.2023,ðŸŒ’,
First Quarter,9.22.23 7:32 PM,9.22.23 10:32 PM,22.09.2023,ðŸŒ“,26.09.2023,ðŸŒ”,
Full Moon,9.29.23 9:57 AM,9.29.23 12:57 PM,29.09.2023,ðŸŒ•,03.10.2023,ðŸŒ–,
Last Quarter,10.6.23 1:48 PM,10.6.23 4:48 PM,06.10.2023,ðŸŒ—,10.10.2023,ðŸŒ˜,
New Moon,10.14.23 5:55 PM,10.14.23 8:55 PM,14.10.2023,ðŸŒ‘,18.10.2023,ðŸŒ’,
First Quarter,10.22.23 3:29 AM,10.22.23 6:29 AM,22.10.2023,ðŸŒ“,25.10.2023,ðŸŒ”,
Full Moon,10.28.23 8:24 PM,10.28.23 11:24 PM,28.10.2023,ðŸŒ•,01.11.2023,ðŸŒ–,
Last Quarter,11.5.23 8:37 AM,11.5.23 11:37 AM,05.11.2023,ðŸŒ—,09.11.2023,ðŸŒ˜,
New Moon,11.13.23 9:27 AM,11.13.23 12:27 PM,13.11.2023,ðŸŒ‘,17.11.2023,ðŸŒ’,
First Quarter,11.20.23 10:50 AM,11.20.23 1:50 PM,20.11.2023,ðŸŒ“,24.11.2023,ðŸŒ”,
Full Moon,11.27.23 9:16 AM,11.27.23 12:16 PM,27.11.2023,ðŸŒ•,01.12.2023,ðŸŒ–,
Last Quarter,12.5.23 5:49 AM,12.5.23 8:49 AM,05.12.2023,ðŸŒ—,09.12.2023,ðŸŒ˜,
New Moon,12.12.23 11:32 PM,12.13.23 2:32 AM,13.12.2023,ðŸŒ‘,16.12.2023,ðŸŒ’,
First Quarter,12.19.23 6:39 PM,12.19.23 9:39 PM,19.12.2023,ðŸŒ“,23.12.2023,ðŸŒ”,
Full Moon,12.27.23 12:33 AM,12.27.23 3:33 AM,27.12.2023,ðŸŒ•,31.12.2023,ðŸŒ–,
Last Quarter,1.4.24 3:30 AM,1.4.24 6:30 AM,04.01.2024,ðŸŒ—,07.01.2024,ðŸŒ˜,
New Moon,1.11.24 11:57 AM,1.11.24 2:57 PM,11.01.2024,ðŸŒ‘,14.01.2024,ðŸŒ’,
First Quarter,1.18.24 3:52 AM,1.18.24 6:52 AM,18.01.2024,ðŸŒ“,22.01.2024,ðŸŒ”,
Full Moon,1.25.24 5:54 PM,1.25.24 8:54 PM,25.01.2024,ðŸŒ•,29.01.2024,ðŸŒ–,
Last Quarter,2.2.24 11:18 PM,2.3.24 2:18 AM,03.02.2024,ðŸŒ—,06.02.2024,ðŸŒ˜,
New Moon,2.9.24 10:59 PM,2.10.24 1:59 AM,10.02.2024,ðŸŒ‘,13.02.2024,ðŸŒ’,
First Quarter,2.16.24 3:01 PM,2.16.24 6:01 PM,16.02.2024,ðŸŒ“,20.02.2024,ðŸŒ”,
Full Moon,2.24.24 12:30 PM,2.24.24 3:30 PM,24.02.2024,ðŸŒ•,28.02.2024,ðŸŒ–,
Last Quarter,3.3.24 3:23 PM,3.3.24 6:23 PM,03.03.2024,ðŸŒ—,07.03.2024,ðŸŒ˜,
New Moon,3.10.24 9:00 AM,3.10.24 12:00 PM,10.03.2024,ðŸŒ‘,13.03.2024,ðŸŒ’,
First Quarter,3.17.24 4:11 AM,3.17.24 7:11 AM,17.03.2024,ðŸŒ“,21.03.2024,ðŸŒ”,
Full Moon,3.25.24 7:00 AM,3.25.24 10:00 AM,25.03.2024,ðŸŒ•,29.03.2024,ðŸŒ–,
Last Quarter,4.2.24 3:15 AM,4.2.24 6:15 AM,02.04.2024,ðŸŒ—,05.04.2024,ðŸŒ˜,
New Moon,4.8.24 6:21 PM,4.8.24 9:21 PM,08.04.2024,ðŸŒ‘,12.04.2024,ðŸŒ’,
First Quarter,4.15.24 7:13 PM,4.15.24 10:13 PM,15.04.2024,ðŸŒ“,20.04.2024,ðŸŒ”,
Full Moon,4.23.24 11:49 PM,4.24.24 2:49 AM,24.04.2024,ðŸŒ•,27.04.2024,ðŸŒ–,
Last Quarter,5.1.24 11:27 AM,5.1.24 2:27 PM,01.05.2024,ðŸŒ—,04.05.2024,ðŸŒ˜,
New Moon,5.8.24 3:22 AM,5.8.24 6:22 AM,08.05.2024,ðŸŒ‘,11.05.2024,ðŸŒ’,
First Quarter,5.15.24 11:48 AM,5.15.24 2:48 PM,15.05.2024,ðŸŒ“,19.05.2024,ðŸŒ”,
Full Moon,5.23.24 1:53 PM,5.23.24 4:53 PM,23.05.2024,ðŸŒ•,27.05.2024,ðŸŒ–,
Last Quarter,5.30.24 5:13 PM,5.30.24 8:13 PM,30.05.2024,ðŸŒ—,03.06.2024,ðŸŒ˜,
New Moon,6.6.24 12:38 PM,6.6.24 3:38 PM,06.06.2024,ðŸŒ‘,10.06.2024,ðŸŒ’,
First Quarter,6.14.24 5:18 AM,6.14.24 8:18 AM,14.06.2024,ðŸŒ“,18.06.2024,ðŸŒ”,
Full Moon,6.22.24 1:08 AM,6.22.24 4:08 AM,22.06.2024,ðŸŒ•,25.06.2024,ðŸŒ–,
Last Quarter,6.28.24 9:53 PM,6.29.24 12:53 AM,29.06.2024,ðŸŒ—,02.07.2024,ðŸŒ˜,
New Moon,7.5.24 10:57 PM,7.6.24 1:57 AM,06.07.2024,ðŸŒ‘,10.07.2024,ðŸŒ’,
First Quarter,7.13.24 10:49 PM,7.14.24 1:49 AM,14.07.2024,ðŸŒ“,17.07.2024,ðŸŒ”,
Full Moon,7.21.24 10:17 AM,7.21.24 1:17 PM,21.07.2024,ðŸŒ•,24.07.2024,ðŸŒ–,
Last Quarter,7.28.24 2:51 AM,7.28.24 5:51 AM,28.07.2024,ðŸŒ—,31.07.2024,ðŸŒ˜,
New Moon,8.4.24 11:13 AM,8.4.24 2:13 PM,04.08.2024,ðŸŒ‘,08.08.2024,ðŸŒ’,
First Quarter,8.12.24 3:19 PM,8.12.24 6:19 PM,12.08.2024,ðŸŒ“,16.08.2024,ðŸŒ”,
Full Moon,8.19.24 6:26 PM,8.19.24 9:26 PM,19.08.2024,ðŸŒ•,23.08.2024,ðŸŒ–,
Last Quarter,8.26.24 9:26 AM,8.26.24 12:26 PM,26.08.2024,ðŸŒ—,30.08.2024,ðŸŒ˜,
New Moon,9.3.24 1:55 AM,9.3.24 4:55 AM,03.09.2024,ðŸŒ‘,07.09.2024,ðŸŒ’,
First Quarter,9.11.24 6:05 AM,9.11.24 9:05 AM,11.09.2024,ðŸŒ“,14.09.2024,ðŸŒ”,
Full Moon,9.18.24 2:34 AM,9.18.24 5:34 AM,18.09.2024,ðŸŒ•,21.09.2024,ðŸŒ–,
Last Quarter,9.24.24 6:50 PM,9.24.24 9:50 PM,24.09.2024,ðŸŒ—,28.09.2024,ðŸŒ˜,
New Moon,10.2.24 6:49 PM,10.2.24 9:49 PM,02.10.2024,ðŸŒ‘,06.10.2024,ðŸŒ’,
First Quarter,10.10.24 6:55 PM,10.10.24 9:55 PM,10.10.2024,ðŸŒ“,14.10.2024,ðŸŒ”,
Full Moon,10.17.24 11:26 AM,10.17.24 2:26 PM,17.10.2024,ðŸŒ•,21.10.2024,ðŸŒ–,
Last Quarter,10.24.24 8:03 AM,10.24.24 11:03 AM,24.10.2024,ðŸŒ—,28.10.2024,ðŸŒ˜,
New Moon,11.1.24 12:47 PM,11.1.24 3:47 PM,01.11.2024,ðŸŒ‘,05.11.2024,ðŸŒ’,
First Quarter,11.9.24 5:55 AM,11.9.24 8:55 AM,09.11.2024,ðŸŒ“,12.11.2024,ðŸŒ”,
Full Moon,11.15.24 9:28 PM,11.16.24 12:28 AM,16.11.2024,ðŸŒ•,19.11.2024,ðŸŒ–,
Last Quarter,11.23.24 1:28 AM,11.23.24 4:28 AM,23.11.2024,ðŸŒ—,27.11.2024,ðŸŒ˜,
New Moon,12.1.24 6:21 AM,12.1.24 9:21 AM,01.12.2024,ðŸŒ‘,05.12.2024,ðŸŒ’,
First Quarter,12.8.24 3:26 PM,12.8.24 6:26 PM,08.12.2024,ðŸŒ“,12.12.2024,ðŸŒ”,
Full Moon,12.15.24 9:02 AM,12.15.24 12:02 PM,15.12.2024,ðŸŒ•,19.12.2024,ðŸŒ–,
Last Quarter,12.22.24 10:18 PM,12.23.24 1:18 AM,23.12.2024,ðŸŒ—,27.12.2024,ðŸŒ˜,
New Moon,12.30.24 10:27 PM,12.31.24 1:27 AM,31.12.2024,ðŸŒ‘,03.01.2025,ðŸŒ’,
First Quarter,1.6.25 11:56 PM,1.7.25 2:56 AM,07.01.2025,ðŸŒ“,10.01.2025,ðŸŒ”,
Full Moon,1.13.25 10:27 PM,1.14.25 1:27 AM,14.01.2025,ðŸŒ•,18.01.2025,ðŸŒ–,
Last Quarter,1.21.25 8:31 PM,1.21.25 11:31 PM,21.01.2025,ðŸŒ—,25.01.2025,ðŸŒ˜,
New Moon,1.29.25 12:36 PM,1.29.25 3:36 PM,29.01.2025,ðŸŒ‘,02.02.2025,ðŸŒ’,
First Quarter,2.5.25 8:02 AM,2.5.25 11:02 AM,05.02.2025,ðŸŒ“,09.02.2025,ðŸŒ”,
Full Moon,2.12.25 1:53 PM,2.12.25 4:53 PM,12.02.2025,ðŸŒ•,16.02.2025,ðŸŒ–,
Last Quarter,2.20.25 5:32 PM,2.20.25 8:32 PM,20.02.2025,ðŸŒ—,24.02.2025,ðŸŒ˜,
New Moon,2.28.25 12:45 AM,2.28.25 3:45 AM,28.02.2025,ðŸŒ‘,03.03.2025,ðŸŒ’,
First Quarter,3.6.25 4:31 PM,3.6.25 7:31 PM,06.03.2025,ðŸŒ“,10.03.2025,ðŸŒ”,
Full Moon,3.14.25 6:55 AM,3.14.25 9:55 AM,14.03.2025,ðŸŒ•,18.03.2025,ðŸŒ–,
Last Quarter,3.22.25 11:29 AM,3.22.25 2:29 PM,22.03.2025,ðŸŒ—,26.03.2025,ðŸŒ˜,
New Moon,3.29.25 10:58 AM,3.29.25 1:58 PM,29.03.2025,ðŸŒ‘,01.04.2025,ðŸŒ’,
First Quarter,4.5.25 2:15 AM,4.5.25 5:15 AM,05.04.2025,ðŸŒ“,09.04.2025,ðŸŒ”,
Full Moon,4.13.25 12:22 AM,4.13.25 3:22 AM,13.04.2025,ðŸŒ•,17.04.2025,ðŸŒ–,
Last Quarter,4.21.25 1:35 AM,4.21.25 4:35 AM,21.04.2025,ðŸŒ—,24.04.2025,ðŸŒ˜,
New Moon,4.27.25 7:31 PM,4.27.25 10:31 PM,27.04.2025,ðŸŒ‘,01.05.2025,ðŸŒ’,
First Quarter,5.4.25 1:52 PM,5.4.25 4:52 PM,04.05.2025,ðŸŒ“,08.05.2025,ðŸŒ”,
Full Moon,5.12.25 4:56 PM,5.12.25 7:56 PM,12.05.2025,ðŸŒ•,16.05.2025,ðŸŒ–,
Last Quarter,5.20.25 11:59 AM,5.20.25 2:59 PM,20.05.2025,ðŸŒ—,23.05.2025,ðŸŒ˜,
New Moon,5.27.25 3:02 AM,5.27.25 6:02 AM,27.05.2025,ðŸŒ‘,30.05.2025,ðŸŒ’,
First Quarter,6.3.25 3:41 AM,6.3.25 6:41 AM,03.06.2025,ðŸŒ“,07.06.2025,ðŸŒ”,
Full Moon,6.11.25 7:44 AM,6.11.25 10:44 AM,11.06.2025,ðŸŒ•,15.06.2025,ðŸŒ–,
Last Quarter,6.18.25 7:19 PM,6.18.25 10:19 PM,18.06.2025,ðŸŒ—,22.06.2025,ðŸŒ˜,
New Moon,6.25.25 10:31 AM,6.25.25 1:31 PM,25.06.2025,ðŸŒ‘,29.06.2025,ðŸŒ’,
First Quarter,7.2.25 7:30 PM,7.2.25 10:30 PM,02.07.2025,ðŸŒ“,06.07.2025,ðŸŒ”,
Full Moon,7.10.25 8:37 PM,7.10.25 11:37 PM,10.07.2025,ðŸŒ•,14.07.2025,ðŸŒ–,
Last Quarter,7.18.25 12:38 AM,7.18.25 3:38 AM,18.07.2025,ðŸŒ—,21.07.2025,ðŸŒ˜,
New Moon,7.24.25 7:11 PM,7.24.25 10:11 PM,24.07.2025,ðŸŒ‘,28.07.2025,ðŸŒ’,
First Quarter,8.1.25 12:41 PM,8.1.25 3:41 PM,01.08.2025,ðŸŒ“,05.08.2025,ðŸŒ”,
Full Moon,8.9.25 7:55 AM,8.9.25 10:55 AM,09.08.2025,ðŸŒ•,12.08.2025,ðŸŒ–,
Last Quarter,8.16.25 5:12 AM,8.16.25 8:12 AM,16.08.2025,ðŸŒ—,19.08.2025,ðŸŒ˜,
New Moon,8.23.25 6:06 AM,8.23.25 9:06 AM,23.08.2025,ðŸŒ‘,27.08.2025,ðŸŒ’,
First Quarter,8.31.25 6:25 AM,8.31.25 9:25 AM,31.08.2025,ðŸŒ“,04.09.2025,ðŸŒ”,
Full Moon,9.7.25 6:09 PM,9.7.25 9:09 PM,07.09.2025,ðŸŒ•,11.09.2025,ðŸŒ–,
Last Quarter,9.14.25 10:33 AM,9.14.25 1:33 PM,14.09.2025,ðŸŒ—,18.09.2025,ðŸŒ˜,
New Moon,9.21.25 7:54 PM,9.21.25 10:54 PM,21.09.2025,ðŸŒ‘,26.09.2025,ðŸŒ’,
First Quarter,9.29.25 11:54 PM,9.30.25 2:54 AM,30.09.2025,ðŸŒ“,03.10.2025,ðŸŒ”,
Full Moon,10.7.25 3:47 AM,10.7.25 6:47 AM,07.10.2025,ðŸŒ•,10.10.2025,ðŸŒ–,
Last Quarter,10.13.25 6:13 PM,10.13.25 9:13 PM,13.10.2025,ðŸŒ—,17.10.2025,ðŸŒ˜,
New Moon,10.21.25 12:25 PM,10.21.25 3:25 PM,21.10.2025,ðŸŒ‘,25.10.2025,ðŸŒ’,
First Quarter,10.29.25 4:21 PM,10.29.25 7:21 PM,29.10.2025,ðŸŒ“,02.11.2025,ðŸŒ”,
Full Moon,11.5.25 1:19 PM,11.5.25 4:19 PM,05.11.2025,ðŸŒ•,09.11.2025,ðŸŒ–,
Last Quarter,11.12.25 5:28 AM,11.12.25 8:28 AM,12.11.2025,ðŸŒ—,16.11.2025,ðŸŒ˜,
New Moon,11.20.25 6:47 AM,11.20.25 9:47 AM,20.11.2025,ðŸŒ‘,24.11.2025,ðŸŒ’,
First Quarter,11.28.25 6:59 AM,11.28.25 9:59 AM,28.11.2025,ðŸŒ“,01.12.2025,ðŸŒ”,
Full Moon,12.4.25 11:14 PM,12.5.25 2:14 AM,05.12.2025,ðŸŒ•,08.12.2025,ðŸŒ–,
Last Quarter,12.11.25 8:52 PM,12.11.25 11:52 PM,11.12.2025,ðŸŒ—,16.12.2025,ðŸŒ˜,
New Moon,12.20.25 1:43 AM,12.20.25 4:43 AM,20.12.2025,ðŸŒ‘,24.12.2025,ðŸŒ’,
First Quarter,12.27.25 7:10 PM,12.27.25 10:10 PM,27.12.2025,ðŸŒ“,31.12.2025,ðŸŒ”,
Full Moon,1.3.26 10:03 AM,1.3.26 1:03 PM,03.01.2026,ðŸŒ•,07.01.2026,ðŸŒ–,
Last Quarter,1.10.26 3:48 PM,1.10.26 6:48 PM,10.01.2026,ðŸŒ—,14.01.2026,ðŸŒ˜,
New Moon,1.18.26 7:52 PM,1.18.26 10:52 PM,18.01.2026,ðŸŒ‘,22.01.2026,ðŸŒ’,
First Quarter,1.26.26 4:47 AM,1.26.26 7:47 AM,26.01.2026,ðŸŒ“,29.01.2026,ðŸŒ”,
Full Moon,2.1.26 10:09 PM,2.2.26 1:09 AM,02.02.2026,ðŸŒ•,05.02.2026,ðŸŒ–,
Last Quarter,2.9.26 12:43 PM,2.9.26 3:43 PM,09.02.2026,ðŸŒ—,13.02.2026,ðŸŒ˜,
New Moon,2.17.26 12:01 PM,2.17.26 3:01 PM,17.02.2026,ðŸŒ‘,21.02.2026,ðŸŒ’,
First Quarter,2.24.26 12:27 PM,2.24.26 3:27 PM,24.02.2026,ðŸŒ“,28.02.2026,ðŸŒ”,
Full Moon,3.3.26 11:38 AM,3.3.26 2:38 PM,03.03.2026,ðŸŒ•,07.03.2026,ðŸŒ–,
Last Quarter,3.11.26 9:38 AM,3.11.26 12:38 PM,11.03.2026,ðŸŒ—,15.03.2026,ðŸŒ˜,
New Moon,3.19.26 1:23 AM,3.19.26 4:23 AM,19.03.2026,ðŸŒ‘,22.03.2026,ðŸŒ’,
First Quarter,3.25.26 7:18 PM,3.25.26 10:18 PM,25.03.2026,ðŸŒ“,29.03.2026,ðŸŒ”,
Full Moon,4.2.26 2:12 AM,4.2.26 5:12 AM,02.04.2026,ðŸŒ•,06.04.2026,ðŸŒ–,
Last Quarter,4.10.26 4:51 AM,4.10.26 7:51 AM,10.04.2026,ðŸŒ—,13.04.2026,ðŸŒ˜,
New Moon,4.17.26 11:52 AM,4.17.26 2:52 PM,17.04.2026,ðŸŒ‘,20.04.2026,ðŸŒ’,
First Quarter,4.24.26 2:32 AM,4.24.26 5:32 AM,24.04.2026,ðŸŒ“,28.04.2026,ðŸŒ”,
Full Moon,5.1.26 5:23 PM,5.1.26 8:23 PM,01.05.2026,ðŸŒ•,05.05.2026,ðŸŒ–,
Last Quarter,5.9.26 9:10 PM,5.10.26 12:10 AM,10.05.2026,ðŸŒ—,13.05.2026,ðŸŒ˜,
New Moon,5.16.26 8:01 PM,5.16.26 11:01 PM,16.05.2026,ðŸŒ‘,20.05.2026,ðŸŒ’,
First Quarter,5.23.26 11:11 AM,5.23.26 2:11 PM,23.05.2026,ðŸŒ“,27.05.2026,ðŸŒ”,
Full Moon,5.31.26 8:45 AM,5.31.26 11:45 AM,31.05.2026,ðŸŒ•,04.06.2026,ðŸŒ–,
Last Quarter,6.8.26 10:00 AM,6.8.26 1:00 PM,08.06.2026,ðŸŒ—,11.06.2026,ðŸŒ˜,
New Moon,6.15.26 2:54 AM,6.15.26 5:54 AM,15.06.2026,ðŸŒ‘,18.06.2026,ðŸŒ’,
First Quarter,6.21.26 9:55 PM,6.22.26 12:55 AM,22.06.2026,ðŸŒ“,26.06.2026,ðŸŒ”,
Full Moon,6.29.26 11:56 PM,6.30.26 2:56 AM,30.06.2026,ðŸŒ•,04.07.2026,ðŸŒ–,
Last Quarter,7.7.26 7:29 PM,7.7.26 10:29 PM,07.07.2026,ðŸŒ—,11.07.2026,ðŸŒ˜,
New Moon,7.14.26 9:43 AM,7.14.26 12:43 PM,14.07.2026,ðŸŒ‘,18.07.2026,ðŸŒ’,
First Quarter,7.21.26 11:05 AM,7.21.26 2:05 PM,21.07.2026,ðŸŒ“,25.07.2026,ðŸŒ”,
Full Moon,7.29.26 2:36 PM,7.29.26 5:36 PM,29.07.2026,ðŸŒ•,02.08.2026,ðŸŒ–,
Last Quarter,8.6.26 2:21 AM,8.6.26 5:21 AM,06.08.2026,ðŸŒ—,09.08.2026,ðŸŒ˜,
New Moon,8.12.26 5:37 PM,8.12.26 8:37 PM,12.08.2026,ðŸŒ‘,16.08.2026,ðŸŒ’,
First Quarter,8.20.26 2:46 AM,8.20.26 5:46 AM,20.08.2026,ðŸŒ“,24.08.2026,ðŸŒ”,
Full Moon,8.28.26 4:18 AM,8.28.26 7:18 AM,28.08.2026,ðŸŒ•,31.08.2026,ðŸŒ–,
Last Quarter,9.4.26 7:51 AM,9.4.26 10:51 AM,04.09.2026,ðŸŒ—,07.09.2026,ðŸŒ˜,
New Moon,9.11.26 3:27 AM,9.11.26 6:27 AM,11.09.2026,ðŸŒ‘,15.09.2026,ðŸŒ’,
First Quarter,9.18.26 8:44 PM,9.18.26 11:44 PM,18.09.2026,ðŸŒ“,22.09.2026,ðŸŒ”,
Full Moon,9.26.26 4:49 PM,9.26.26 7:49 PM,26.09.2026,ðŸŒ•,30.09.2026,ðŸŒ–,
Last Quarter,10.3.26 1:25 PM,10.3.26 4:25 PM,03.10.2026,ðŸŒ—,07.10.2026,ðŸŒ˜,
New Moon,10.10.26 3:50 PM,10.10.26 6:50 PM,10.10.2026,ðŸŒ‘,14.10.2026,ðŸŒ’,
First Quarter,10.18.26 4:12 PM,10.18.26 7:12 PM,18.10.2026,ðŸŒ“,22.10.2026,ðŸŒ”,
Full Moon,10.26.26 4:12 AM,10.26.26 7:12 AM,26.10.2026,ðŸŒ•,29.10.2026,ðŸŒ–,
Last Quarter,11.1.26 8:28 PM,11.1.26 11:28 PM,01.11.2026,ðŸŒ—,05.11.2026,ðŸŒ˜,
New Moon,11.9.26 7:02 AM,11.9.26 10:02 AM,09.11.2026,ðŸŒ‘,13.11.2026,ðŸŒ’,
First Quarter,11.17.26 11:48 AM,11.17.26 2:48 PM,17.11.2026,ðŸŒ“,21.11.2026,ðŸŒ”,
Full Moon,11.24.26 2:53 PM,11.24.26 5:53 PM,24.11.2026,ðŸŒ•,28.11.2026,ðŸŒ–,
Last Quarter,12.1.26 6:08 AM,12.1.26 9:08 AM,01.12.2026,ðŸŒ—,05.12.2026,ðŸŒ˜,
New Moon,12.9.26 12:52 AM,12.9.26 3:52 AM,09.12.2026,ðŸŒ‘,13.12.2026,ðŸŒ’,
First Quarter,12.17.26 5:42 AM,12.17.26 8:42 AM,17.12.2026,ðŸŒ“,20.12.2026,ðŸŒ”,
Full Moon,12.24.26 1:28 AM,12.24.26 4:28 AM,24.12.2026,ðŸŒ•,27.12.2026,ðŸŒ–,
Last Quarter,12.30.26 6:59 PM,12.30.26 9:59 PM,30.12.2026,ðŸŒ—,03.01.2027,ðŸŒ˜,
New Moon,1.7.27 8:24 PM,1.7.27 11:24 PM,07.01.2027,ðŸŒ‘,11.01.2027,ðŸŒ’,
First Quarter,1.15.27 8:34 PM,1.15.27 11:34 PM,15.01.2027,ðŸŒ“,19.01.2027,ðŸŒ”,
Full Moon,1.22.27 12:17 PM,1.22.27 3:17 PM,22.01.2027,ðŸŒ•,26.01.2027,ðŸŒ–,
Last Quarter,1.29.27 10:55 AM,1.29.27 1:55 PM,29.01.2027,ðŸŒ—,02.02.2027,ðŸŒ˜,
New Moon,2.6.27 3:56 PM,2.6.27 6:56 PM,06.02.2027,ðŸŒ‘,10.02.2027,ðŸŒ’,
First Quarter,2.14.27 7:58 AM,2.14.27 10:58 AM,14.02.2027,ðŸŒ“,17.02.2027,ðŸŒ”,
Full Moon,2.20.27 11:23 PM,2.21.27 2:23 AM,21.02.2027,ðŸŒ•,24.02.2027,ðŸŒ–,
Last Quarter,2.28.27 5:16 AM,2.28.27 8:16 AM,28.02.2027,ðŸŒ—,04.03.2027,ðŸŒ˜,
New Moon,3.8.27 9:29 AM,3.8.27 12:29 PM,08.03.2027,ðŸŒ‘,12.03.2027,ðŸŒ’,
First Quarter,3.15.27 4:25 PM,3.15.27 7:25 PM,15.03.2027,ðŸŒ“,19.03.2027,ðŸŒ”,
Full Moon,3.22.27 10:44 AM,3.22.27 1:44 PM,22.03.2027,ðŸŒ•,26.03.2027,ðŸŒ–,
Last Quarter,3.30.27 12:54 AM,3.30.27 3:54 AM,30.03.2027,ðŸŒ—,03.04.2027,ðŸŒ˜,
New Moon,4.6.27 11:51 PM,4.7.27 2:51 AM,07.04.2027,ðŸŒ‘,10.04.2027,ðŸŒ’,
First Quarter,4.13.27 10:56 PM,4.14.27 1:56 AM,14.04.2027,ðŸŒ“,17.04.2027,ðŸŒ”,
Full Moon,4.20.27 10:27 PM,4.21.27 1:27 AM,21.04.2027,ðŸŒ•,25.04.2027,ðŸŒ–,
Last Quarter,4.28.27 8:18 PM,4.28.27 11:18 PM,28.04.2027,ðŸŒ—,02.05.2027,ðŸŒ˜,
New Moon,5.6.27 10:58 AM,5.6.27 1:58 PM,06.05.2027,ðŸŒ‘,09.05.2027,ðŸŒ’,
First Quarter,5.13.27 4:44 AM,5.13.27 7:44 AM,13.05.2027,ðŸŒ“,16.05.2027,ðŸŒ”,
Full Moon,5.20.27 10:59 AM,5.20.27 1:59 PM,20.05.2027,ðŸŒ•,24.05.2027,ðŸŒ–,
Last Quarter,5.28.27 1:58 PM,5.28.27 4:58 PM,28.05.2027,ðŸŒ—,01.06.2027,ðŸŒ˜,
New Moon,6.4.27 7:40 PM,6.4.27 10:40 PM,04.06.2027,ðŸŒ‘,08.06.2027,ðŸŒ’,
First Quarter,6.11.27 10:56 AM,6.11.27 1:56 PM,11.06.2027,ðŸŒ“,15.06.2027,ðŸŒ”,
Full Moon,6.19.27 12:44 AM,6.19.27 3:44 AM,19.06.2027,ðŸŒ•,23.06.2027,ðŸŒ–,
Last Quarter,6.27.27 4:54 AM,6.27.27 7:54 AM,27.06.2027,ðŸŒ—,30.06.2027,ðŸŒ˜,
New Moon,7.4.27 3:02 AM,7.4.27 6:02 AM,04.07.2027,ðŸŒ‘,07.07.2027,ðŸŒ’,
First Quarter,7.10.27 6:39 PM,7.10.27 9:39 PM,10.07.2027,ðŸŒ“,14.07.2027,ðŸŒ”,
Full Moon,7.18.27 3:45 PM,7.18.27 6:45 PM,18.07.2027,ðŸŒ•,22.07.2027,ðŸŒ–,
Last Quarter,7.26.27 4:55 PM,7.26.27 7:55 PM,26.07.2027,ðŸŒ—,30.07.2027,ðŸŒ˜,
New Moon,8.2.27 10:05 AM,8.2.27 1:05 PM,02.08.2027,ðŸŒ‘,05.08.2027,ðŸŒ’,
First Quarter,8.9.27 4:54 AM,8.9.27 7:54 AM,09.08.2027,ðŸŒ“,13.08.2027,ðŸŒ”,
Full Moon,8.17.27 7:29 AM,8.17.27 10:29 AM,17.08.2027,ðŸŒ•,21.08.2027,ðŸŒ–,
Last Quarter,8.25.27 2:27 AM,8.25.27 5:27 AM,25.08.2027,ðŸŒ—,28.08.2027,ðŸŒ˜,
New Moon,8.31.27 5:41 PM,8.31.27 8:41 PM,31.08.2027,ðŸŒ‘,04.09.2027,ðŸŒ’,
First Quarter,9.7.27 6:31 PM,9.7.27 9:31 PM,07.09.2027,ðŸŒ“,11.09.2027,ðŸŒ”,
Full Moon,9.15.27 11:03 PM,9.16.27 2:03 AM,16.09.2027,ðŸŒ•,19.09.2027,ðŸŒ–,
Last Quarter,9.23.27 10:20 AM,9.23.27 1:20 PM,23.09.2027,ðŸŒ—,26.09.2027,ðŸŒ˜,
New Moon,9.30.27 2:36 AM,9.30.27 5:36 AM,30.09.2027,ðŸŒ‘,03.10.2027,ðŸŒ’,
First Quarter,10.7.27 11:47 AM,10.7.27 2:47 PM,07.10.2027,ðŸŒ“,11.10.2027,ðŸŒ”,
Full Moon,10.15.27 1:47 PM,10.15.27 4:47 PM,15.10.2027,ðŸŒ•,19.10.2027,ðŸŒ–,
Last Quarter,10.22.27 5:29 PM,10.22.27 8:29 PM,22.10.2027,ðŸŒ—,26.10.2027,ðŸŒ˜,
New Moon,10.29.27 1:36 PM,10.29.27 4:36 PM,29.10.2027,ðŸŒ‘,02.11.2027,ðŸŒ’,
First Quarter,11.6.27 8:00 AM,11.6.27 11:00 AM,06.11.2027,ðŸŒ“,10.11.2027,ðŸŒ”,
Full Moon,11.14.27 3:26 AM,11.14.27 6:26 AM,14.11.2027,ðŸŒ•,17.11.2027,ðŸŒ–,
Last Quarter,11.21.27 12:48 AM,11.21.27 3:48 AM,21.11.2027,ðŸŒ—,24.11.2027,ðŸŒ˜,
New Moon,11.28.27 3:24 AM,11.28.27 6:24 AM,28.11.2027,ðŸŒ‘,02.12.2027,ðŸŒ’,
First Quarter,12.6.27 5:22 AM,12.6.27 8:22 AM,06.12.2027,ðŸŒ“,10.12.2027,ðŸŒ”,
Full Moon,12.13.27 4:09 PM,12.13.27 7:09 PM,13.12.2027,ðŸŒ•,17.12.2027,ðŸŒ–,
Last Quarter,12.20.27 9:11 AM,12.20.27 12:11 PM,20.12.2027,ðŸŒ—,24.12.2027,ðŸŒ˜,
New Moon,12.27.27 8:12 PM,12.27.27 11:12 PM,27.12.2027,ðŸŒ‘,01.01.2028,ðŸŒ’,
First Quarter,1.5.28 1:40 AM,1.5.28 4:40 AM,05.01.2028,ðŸŒ“,08.01.2028,ðŸŒ”,
Full Moon,1.12.28 4:03 AM,1.12.28 7:03 AM,12.01.2028,ðŸŒ•,15.01.2028,ðŸŒ–,
Last Quarter,1.18.28 7:26 PM,1.18.28 10:26 PM,18.01.2028,ðŸŒ—,22.01.2028,ðŸŒ˜,
New Moon,1.26.28 3:12 PM,1.26.28 6:12 PM,26.01.2028,ðŸŒ‘,30.01.2028,ðŸŒ’,
First Quarter,2.3.28 7:10 PM,2.3.28 10:10 PM,03.02.2028,ðŸŒ“,07.02.2028,ðŸŒ”,
Full Moon,2.10.28 3:04 PM,2.10.28 6:04 PM,10.02.2028,ðŸŒ•,14.02.2028,ðŸŒ–,
Last Quarter,2.17.28 8:08 AM,2.17.28 11:08 AM,17.02.2028,ðŸŒ—,21.02.2028,ðŸŒ˜,
New Moon,2.25.28 10:37 AM,2.25.28 1:37 PM,25.02.2028,ðŸŒ‘,29.02.2028,ðŸŒ’,
First Quarter,3.4.28 9:02 AM,3.4.28 12:02 PM,04.03.2028,ðŸŒ“,07.03.2028,ðŸŒ”,
Full Moon,3.11.28 1:06 AM,3.11.28 4:06 AM,11.03.2028,ðŸŒ•,14.03.2028,ðŸŒ–,
Last Quarter,3.17.28 11:23 PM,3.18.28 2:23 AM,18.03.2028,ðŸŒ—,22.03.2028,ðŸŒ˜,
New Moon,3.26.28 4:31 AM,3.26.28 7:31 AM,26.03.2028,ðŸŒ‘,30.03.2028,ðŸŒ’,
First Quarter,4.2.28 7:15 PM,4.2.28 10:15 PM,02.04.2028,ðŸŒ“,06.04.2028,ðŸŒ”,
Full Moon,4.9.28 10:26 AM,4.9.28 1:26 PM,09.04.2028,ðŸŒ•,13.04.2028,ðŸŒ–,
Last Quarter,4.16.28 4:37 PM,4.16.28 7:37 PM,16.04.2028,ðŸŒ—,20.04.2028,ðŸŒ˜,
New Moon,4.24.28 7:47 PM,4.24.28 10:47 PM,24.04.2028,ðŸŒ‘,28.04.2028,ðŸŒ’,
First Quarter,5.2.28 2:26 AM,5.2.28 5:26 AM,02.05.2028,ðŸŒ“,05.05.2028,ðŸŒ”,
Full Moon,5.8.28 7:49 PM,5.8.28 10:49 PM,08.05.2028,ðŸŒ•,12.05.2028,ðŸŒ–,
Last Quarter,5.16.28 10:43 AM,5.16.28 1:43 PM,16.05.2028,ðŸŒ—,20.05.2028,ðŸŒ˜,
New Moon,5.24.28 8:16 AM,5.24.28 11:16 AM,24.05.2028,ðŸŒ‘,27.05.2028,ðŸŒ’,
First Quarter,5.31.28 7:36 AM,5.31.28 10:36 AM,31.05.2028,ðŸŒ“,03.06.2028,ðŸŒ”,
Full Moon,6.7.28 6:09 AM,6.7.28 9:09 AM,07.06.2028,ðŸŒ•,11.06.2028,ðŸŒ–,
Last Quarter,6.15.28 4:27 AM,6.15.28 7:27 AM,15.06.2028,ðŸŒ—,19.06.2028,ðŸŒ˜,
New Moon,6.22.28 6:27 PM,6.22.28 9:27 PM,22.06.2028,ðŸŒ‘,26.06.2028,ðŸŒ’,
First Quarter,6.29.28 12:10 PM,6.29.28 3:10 PM,29.06.2028,ðŸŒ“,03.07.2028,ðŸŒ”,
Full Moon,7.6.28 6:11 PM,7.6.28 9:11 PM,06.07.2028,ðŸŒ•,10.07.2028,ðŸŒ–,
Last Quarter,7.14.28 8:56 PM,7.14.28 11:56 PM,14.07.2028,ðŸŒ—,18.07.2028,ðŸŒ˜,
New Moon,7.22.28 3:02 AM,7.22.28 6:02 AM,22.07.2028,ðŸŒ‘,25.07.2028,ðŸŒ’,
First Quarter,7.28.28 5:40 PM,7.28.28 8:40 PM,28.07.2028,ðŸŒ“,01.08.2028,ðŸŒ”,
Full Moon,8.5.28 8:10 AM,8.5.28 11:10 AM,05.08.2028,ðŸŒ•,09.08.2028,ðŸŒ–,
Last Quarter,8.13.28 11:45 AM,8.13.28 2:45 PM,13.08.2028,ðŸŒ—,17.08.2028,ðŸŒ˜,
New Moon,8.20.28 10:44 AM,8.20.28 1:44 PM,20.08.2028,ðŸŒ‘,23.08.2028,ðŸŒ’,
First Quarter,8.27.28 1:36 AM,8.27.28 4:36 AM,27.08.2028,ðŸŒ“,31.08.2028,ðŸŒ”,
Full Moon,9.3.28 11:47 PM,9.4.28 2:47 AM,04.09.2028,ðŸŒ•,08.09.2028,ðŸŒ–,
Last Quarter,9.12.28 12:46 AM,9.12.28 3:46 AM,12.09.2028,ðŸŒ—,15.09.2028,ðŸŒ˜,
New Moon,9.18.28 6:24 PM,9.18.28 9:24 PM,18.09.2028,ðŸŒ‘,22.09.2028,ðŸŒ’,
First Quarter,9.25.28 1:10 PM,9.25.28 4:10 PM,25.09.2028,ðŸŒ“,29.09.2028,ðŸŒ”,
Full Moon,10.3.28 4:25 PM,10.3.28 7:25 PM,03.10.2028,ðŸŒ•,07.10.2028,ðŸŒ–,
Last Quarter,10.11.28 11:57 AM,10.11.28 2:57 PM,11.10.2028,ðŸŒ—,14.10.2028,ðŸŒ˜,
New Moon,10.18.28 2:57 AM,10.18.28 5:57 AM,18.10.2028,ðŸŒ‘,21.10.2028,ðŸŒ’,
First Quarter,10.25.28 4:53 AM,10.25.28 7:53 AM,25.10.2028,ðŸŒ“,29.10.2028,ðŸŒ”,
Full Moon,11.2.28 9:17 AM,11.2.28 12:17 PM,02.11.2028,ðŸŒ•,06.11.2028,ðŸŒ–,
Last Quarter,11.9.28 9:26 PM,11.10.28 12:26 AM,10.11.2028,ðŸŒ—,13.11.2028,ðŸŒ˜,
New Moon,11.16.28 1:18 PM,11.16.28 4:18 PM,16.11.2028,ðŸŒ‘,20.11.2028,ðŸŒ’,
First Quarter,11.24.28 12:14 AM,11.24.28 3:14 AM,24.11.2028,ðŸŒ“,28.11.2028,ðŸŒ”,
Full Moon,12.2.28 1:40 AM,12.2.28 4:40 AM,02.12.2028,ðŸŒ•,05.12.2028,ðŸŒ–,
Last Quarter,12.9.28 5:39 AM,12.9.28 8:39 AM,09.12.2028,ðŸŒ—,12.12.2028,ðŸŒ˜,
New Moon,12.16.28 2:06 AM,12.16.28 5:06 AM,16.12.2028,ðŸŒ‘,20.12.2028,ðŸŒ’,
First Quarter,12.23.28 9:45 PM,12.24.28 12:45 AM,24.12.2028,ðŸŒ“,27.12.2028,ðŸŒ”,
Full Moon,12.31.28 4:48 PM,12.31.28 7:48 PM,31.12.2028,ðŸŒ•,04.01.2029,ðŸŒ–,
Last Quarter,1.7.29 1:26 PM,1.7.29 4:26 PM,07.01.2029,ðŸŒ—,11.01.2029,ðŸŒ˜,
New Moon,1.14.29 5:24 PM,1.14.29 8:24 PM,14.01.2029,ðŸŒ‘,18.01.2029,ðŸŒ’,
First Quarter,1.22.29 7:23 PM,1.22.29 10:23 PM,22.01.2029,ðŸŒ“,26.01.2029,ðŸŒ”,
Full Moon,1.30.29 6:03 AM,1.30.29 9:03 AM,30.01.2029,ðŸŒ•,02.02.2029,ðŸŒ–,
Last Quarter,2.5.29 9:52 PM,2.6.29 12:52 AM,06.02.2029,ðŸŒ—,09.02.2029,ðŸŒ˜,
New Moon,2.13.29 10:31 AM,2.13.29 1:31 PM,13.02.2029,ðŸŒ‘,17.02.2029,ðŸŒ’,
First Quarter,2.21.29 3:10 PM,2.21.29 6:10 PM,21.02.2029,ðŸŒ“,25.02.2029,ðŸŒ”,
Full Moon,2.28.29 5:10 PM,2.28.29 8:10 PM,28.02.2029,ðŸŒ•,04.03.2029,ðŸŒ–,
Last Quarter,3.7.29 7:51 AM,3.7.29 10:51 AM,07.03.2029,ðŸŒ—,11.03.2029,ðŸŒ˜,
New Moon,3.15.29 4:19 AM,3.15.29 7:19 AM,15.03.2029,ðŸŒ‘,19.03.2029,ðŸŒ’,
First Quarter,3.23.29 7:33 AM,3.23.29 10:33 AM,23.03.2029,ðŸŒ“,26.03.2029,ðŸŒ”,
Full Moon,3.30.29 2:26 AM,3.30.29 5:26 AM,30.03.2029,ðŸŒ•,02.04.2029,ðŸŒ–,
Last Quarter,4.5.29 7:51 PM,4.5.29 10:51 PM,05.04.2029,ðŸŒ—,09.04.2029,ðŸŒ˜,
New Moon,4.13.29 9:40 PM,4.14.29 12:40 AM,14.04.2029,ðŸŒ‘,17.04.2029,ðŸŒ’,
First Quarter,4.21.29 7:50 PM,4.21.29 10:50 PM,21.04.2029,ðŸŒ“,25.04.2029,ðŸŒ”,
Full Moon,4.28.29 10:37 AM,4.28.29 1:37 PM,28.04.2029,ðŸŒ•,02.05.2029,ðŸŒ–,
Last Quarter,5.5.29 9:48 AM,5.5.29 12:48 PM,05.05.2029,ðŸŒ—,09.05.2029,ðŸŒ˜,
New Moon,5.13.29 1:42 PM,5.13.29 4:42 PM,13.05.2029,ðŸŒ‘,17.05.2029,ðŸŒ’,
First Quarter,5.21.29 4:16 AM,5.21.29 7:16 AM,21.05.2029,ðŸŒ“,24.05.2029,ðŸŒ”,
Full Moon,5.27.29 6:37 PM,5.27.29 9:37 PM,27.05.2029,ðŸŒ•,31.05.2029,ðŸŒ–,
Last Quarter,6.4.29 1:19 AM,6.4.29 4:19 AM,04.06.2029,ðŸŒ—,08.06.2029,ðŸŒ˜,
New Moon,6.12.29 3:50 AM,6.12.29 6:50 AM,12.06.2029,ðŸŒ‘,15.06.2029,ðŸŒ’,
First Quarter,6.19.29 9:54 AM,6.19.29 12:54 PM,19.06.2029,ðŸŒ“,22.06.2029,ðŸŒ”,
Full Moon,6.26.29 3:22 AM,6.26.29 6:22 AM,26.06.2029,ðŸŒ•,30.06.2029,ðŸŒ–,
Last Quarter,7.3.29 5:57 PM,7.3.29 8:57 PM,03.07.2029,ðŸŒ—,07.07.2029,ðŸŒ˜,
New Moon,7.11.29 3:51 PM,7.11.29 6:51 PM,11.07.2029,ðŸŒ‘,15.07.2029,ðŸŒ’,
First Quarter,7.18.29 2:14 PM,7.18.29 5:14 PM,18.07.2029,ðŸŒ“,22.07.2029,ðŸŒ”,
Full Moon,7.25.29 1:36 PM,7.25.29 4:36 PM,25.07.2029,ðŸŒ•,29.07.2029,ðŸŒ–,
Last Quarter,8.2.29 11:15 AM,8.2.29 2:15 PM,02.08.2029,ðŸŒ—,06.08.2029,ðŸŒ˜,
New Moon,8.10.29 1:56 AM,8.10.29 4:56 AM,10.08.2029,ðŸŒ‘,13.08.2029,ðŸŒ’,
First Quarter,8.16.29 6:55 PM,8.16.29 9:55 PM,16.08.2029,ðŸŒ“,20.08.2029,ðŸŒ”,
Full Moon,8.24.29 1:51 AM,8.24.29 4:51 AM,24.08.2029,ðŸŒ•,28.08.2029,ðŸŒ–,
Last Quarter,9.1.29 4:33 AM,9.1.29 7:33 AM,01.09.2029,ðŸŒ—,04.09.2029,ðŸŒ˜,
New Moon,9.8.29 10:44 AM,9.8.29 1:44 PM,08.09.2029,ðŸŒ‘,11.09.2029,ðŸŒ’,
First Quarter,9.15.29 1:29 AM,9.15.29 4:29 AM,15.09.2029,ðŸŒ“,18.09.2029,ðŸŒ”,
Full Moon,9.22.29 4:29 PM,9.22.29 7:29 PM,22.09.2029,ðŸŒ•,26.09.2029,ðŸŒ–,
Last Quarter,9.30.29 8:57 PM,9.30.29 11:57 PM,30.09.2029,ðŸŒ—,04.10.2029,ðŸŒ˜,
New Moon,10.7.29 7:14 PM,10.7.29 10:14 PM,07.10.2029,ðŸŒ‘,11.10.2029,ðŸŒ’,
First Quarter,10.14.29 11:09 AM,10.14.29 2:09 PM,14.10.2029,ðŸŒ“,18.10.2029,ðŸŒ”,
Full Moon,10.22.29 9:27 AM,10.22.29 12:27 PM,22.10.2029,ðŸŒ•,26.10.2029,ðŸŒ–,
Last Quarter,10.30.29 11:32 AM,10.30.29 2:32 PM,30.10.2029,ðŸŒ—,02.11.2029,ðŸŒ˜,
New Moon,11.6.29 4:24 AM,11.6.29 7:24 AM,06.11.2029,ðŸŒ‘,09.11.2029,ðŸŒ’,
First Quarter,11.13.29 12:35 AM,11.13.29 3:35 AM,13.11.2029,ðŸŒ“,17.11.2029,ðŸŒ”,
Full Moon,11.21.29 4:03 AM,11.21.29 7:03 AM,21.11.2029,ðŸŒ•,25.11.2029,ðŸŒ–,
Last Quarter,11.28.29 11:48 PM,11.29.29 2:48 AM,29.11.2029,ðŸŒ—,02.12.2029,ðŸŒ˜,
New Moon,12.5.29 2:52 PM,12.5.29 5:52 PM,05.12.2029,ðŸŒ‘,09.12.2029,ðŸŒ’,
First Quarter,12.12.29 5:49 PM,12.12.29 8:49 PM,12.12.2029,ðŸŒ“,16.12.2029,ðŸŒ”,
Full Moon,12.20.29 10:46 PM,12.21.29 1:46 AM,21.12.2029,ðŸŒ•,24.12.2029,ðŸŒ–,
Last Quarter,12.28.29 9:49 AM,12.28.29 12:49 PM,28.12.2029,ðŸŒ—,31.12.2029,ðŸŒ˜,
New Moon,1.4.30 2:49 AM,1.4.30 5:49 AM,04.01.2030,ðŸŒ‘,07.01.2030,ðŸŒ’,
First Quarter,1.11.30 2:06 PM,1.11.30 5:06 PM,11.01.2030,ðŸŒ“,15.01.2030,ðŸŒ”,
Full Moon,1.19.30 3:54 PM,1.19.30 6:54 PM,19.01.2030,ðŸŒ•,23.01.2030,ðŸŒ–,
Last Quarter,1.26.30 6:14 PM,1.26.30 9:14 PM,26.01.2030,ðŸŒ—,30.01.2030,ðŸŒ˜,
New Moon,2.2.30 4:07 PM,2.2.30 7:07 PM,02.02.2030,ðŸŒ‘,06.02.2030,ðŸŒ’,
First Quarter,2.10.30 11:49 AM,2.10.30 2:49 PM,10.02.2030,ðŸŒ“,14.02.2030,ðŸŒ”,
Full Moon,2.18.30 6:20 AM,2.18.30 9:20 AM,18.02.2030,ðŸŒ•,21.02.2030,ðŸŒ–,
Last Quarter,2.25.30 1:58 AM,2.25.30 4:58 AM,25.02.2030,ðŸŒ—,28.02.2030,ðŸŒ˜,
New Moon,3.4.30 6:34 AM,3.4.30 9:34 AM,04.03.2030,ðŸŒ‘,08.03.2030,ðŸŒ’,
First Quarter,3.12.30 8:47 AM,3.12.30 11:47 AM,12.03.2030,ðŸŒ“,16.03.2030,ðŸŒ”,
Full Moon,3.19.30 5:56 PM,3.19.30 8:56 PM,19.03.2030,ðŸŒ•,23.03.2030,ðŸŒ–,
Last Quarter,3.26.30 9:51 AM,3.26.30 12:51 PM,26.03.2030,ðŸŒ—,30.03.2030,ðŸŒ˜,
New Moon,4.2.30 10:02 PM,4.3.30 1:02 AM,03.04.2030,ðŸŒ‘,07.04.2030,ðŸŒ’,
First Quarter,4.11.30 2:57 AM,4.11.30 5:57 AM,11.04.2030,ðŸŒ“,14.04.2030,ðŸŒ”,
Full Moon,4.18.30 3:20 AM,4.18.30 6:20 AM,18.04.2030,ðŸŒ•,21.04.2030,ðŸŒ–,
Last Quarter,4.24.30 6:39 PM,4.24.30 9:39 PM,24.04.2030,ðŸŒ—,28.04.2030,ðŸŒ˜,
New Moon,5.2.30 2:12 PM,5.2.30 5:12 PM,02.05.2030,ðŸŒ‘,06.05.2030,ðŸŒ’,
First Quarter,5.10.30 5:11 PM,5.10.30 8:11 PM,10.05.2030,ðŸŒ“,14.05.2030,ðŸŒ”,
Full Moon,5.17.30 11:19 AM,5.17.30 2:19 PM,17.05.2030,ðŸŒ•,20.05.2030,ðŸŒ–,
Last Quarter,5.24.30 4:57 AM,5.24.30 7:57 AM,24.05.2030,ðŸŒ—,28.05.2030,ðŸŒ˜,
New Moon,6.1.30 6:21 AM,6.1.30 9:21 AM,01.06.2030,ðŸŒ‘,05.06.2030,ðŸŒ’,
First Quarter,6.9.30 3:36 AM,6.9.30 6:36 AM,09.06.2030,ðŸŒ“,12.06.2030,ðŸŒ”,
Full Moon,6.15.30 6:41 PM,6.15.30 9:41 PM,15.06.2030,ðŸŒ•,19.06.2030,ðŸŒ–,
Last Quarter,6.22.30 5:19 PM,6.22.30 8:19 PM,22.06.2030,ðŸŒ—,26.06.2030,ðŸŒ˜,
New Moon,6.30.30 9:34 PM,7.1.30 12:34 AM,01.07.2030,ðŸŒ‘,04.07.2030,ðŸŒ’,
First Quarter,7.8.30 11:02 AM,7.8.30 2:02 PM,08.07.2030,ðŸŒ“,11.07.2030,ðŸŒ”,
Full Moon,7.15.30 2:12 AM,7.15.30 5:12 AM,15.07.2030,ðŸŒ•,18.07.2030,ðŸŒ–,
Last Quarter,7.22.30 8:07 AM,7.22.30 11:07 AM,22.07.2030,ðŸŒ—,26.07.2030,ðŸŒ˜,
New Moon,7.30.30 11:11 AM,7.30.30 2:11 PM,30.07.2030,ðŸŒ‘,03.08.2030,ðŸŒ’,
First Quarter,8.6.30 4:43 PM,8.6.30 7:43 PM,06.08.2030,ðŸŒ“,10.08.2030,ðŸŒ”,
Full Moon,8.13.30 10:44 AM,8.13.30 1:44 PM,13.08.2030,ðŸŒ•,17.08.2030,ðŸŒ–,
Last Quarter,8.21.30 1:15 AM,8.21.30 4:15 AM,21.08.2030,ðŸŒ—,25.08.2030,ðŸŒ˜,
New Moon,8.28.30 11:07 PM,8.29.30 2:07 AM,29.08.2030,ðŸŒ‘,01.09.2030,ðŸŒ’,
First Quarter,9.4.30 9:55 PM,9.5.30 12:55 AM,05.09.2030,ðŸŒ“,08.09.2030,ðŸŒ”,
Full Moon,9.11.30 9:18 PM,9.12.30 12:18 AM,12.09.2030,ðŸŒ•,15.09.2030,ðŸŒ–,
Last Quarter,9.19.30 7:56 PM,9.19.30 10:56 PM,19.09.2030,ðŸŒ—,23.09.2030,ðŸŒ˜,
New Moon,9.27.30 9:54 AM,9.27.30 12:54 PM,27.09.2030,ðŸŒ‘,30.09.2030,ðŸŒ’,
First Quarter,10.4.30 3:56 AM,10.4.30 6:56 AM,04.10.2030,ðŸŒ“,07.10.2030,ðŸŒ”,
Full Moon,10.11.30 10:47 AM,10.11.30 1:47 PM,11.10.2030,ðŸŒ•,15.10.2030,ðŸŒ–,
Last Quarter,10.19.30 2:50 PM,10.19.30 5:50 PM,19.10.2030,ðŸŒ—,23.10.2030,ðŸŒ˜,
New Moon,10.26.30 8:17 PM,10.26.30 11:17 PM,26.10.2030,ðŸŒ‘,30.10.2030,ðŸŒ’,
First Quarter,11.2.30 11:56 AM,11.2.30 2:56 PM,02.11.2030,ðŸŒ“,06.11.2030,ðŸŒ”,
Full Moon,11.10.30 3:30 AM,11.10.30 6:30 AM,10.11.2030,ðŸŒ•,14.11.2030,ðŸŒ–,
Last Quarter,11.18.30 8:32 AM,11.18.30 11:32 AM,18.11.2030,ðŸŒ—,21.11.2030,ðŸŒ˜,
New Moon,11.25.30 6:46 AM,11.25.30 9:46 AM,25.11.2030,ðŸŒ‘,28.11.2030,ðŸŒ’,
First Quarter,12.1.30 10:57 PM,12.2.30 1:57 AM,02.12.2030,ðŸŒ“,06.12.2030,ðŸŒ”,
Full Moon,12.9.30 10:40 PM,12.10.30 1:40 AM,10.12.2030,ðŸŒ•,14.12.2030,ðŸŒ–,
Last Quarter,12.18.30 12:01 AM,12.18.30 3:01 AM,18.12.2030,ðŸŒ—,21.12.2030,ðŸŒ˜,
New Moon,12.24.30 5:32 PM,12.24.30 8:32 PM,24.12.2030,ðŸŒ‘,28.12.2030,ðŸŒ’,
First Quarter,12.31.30 1:36 PM,12.31.30 4:36 PM,31.12.2030,ðŸŒ“,,,
